id;titre;auteur;annee;sujets;confiance
6;"Viento del Pueblo : Centenario de la CNT (1910 - 2010)";"FERRER, Rai";2009;anarcossindicalismo,historia-anarquismo;A
7;"Vidas en Rojo y Negro : Una Historia del Anarquismo en la ""Década Infame""";"TRUJILLO, Fernando López";2005;historia-anarquismo;A
10;"Venezuela : La Revolución como espectáculo: Una crítica anarquista al gobierno bolivariano";"UZCÁTEGUI, Rafael";2010;anarquismo;A
13;"Viaje A Través de Utopía";"BERNERI, María Luisa";1962;anarquismo;B
15;"Viagens de Gulliver";"SWIFT, Jonathan";1971;ficcao;A
17;"Venezuela : La Revolución como Espectáculo: Una crítica anarquista al gobierno bolivariano";"UZCÁTEGUI, Rafael";2010;anarquismo;A
18;"Velhos Militantes";"GOMES, Angela Maria De Castro";1988;movimento-operario,biografia;B
19;"Vaso, Creta o Fiore? Né Riempere, né Plasmare ma educare";"CODELLO, Francesco";2005;educacao-libertaria;A
20;"Várias Histórias";"ASSIS, Machado de";1997;ficcao;A
21;"Vagabundo original";"GORKI, Máximo";;ficcao;A
22;"Utopies américaines : Expériences libertaires du XIX siècle à nos jours";"CREAGH, Ronald";2009;historia-anarquismo;A
23;"Utopias y antiutopias después de Marx";"CAPPELLETTI, Ángel";1997;anarquismo,marxismo;B
31;"Un Tournant décisif dans la vie de Bakounine : Données inédites sur son évolution idéologique et sur son activité conspiratrice";"KUN, M.";1980;anarquismo,biografia;A
32;"""Un Lavoro Lungo e Paziente..."" : II socialismo anarchico dell'Agitazione (1897-1898)";"MALATESTA, Errico";2011;anarquismo;A
33;"Un debate imaginario entre Carlos Marx y Bakunin";"CRANSTON, Maurice";2003;anarquismo,marxismo;A
35;"Una Biblioteca Tras Storia e Memoria : La ""Franco Serantini"" (1979-2005)";"BALSAMINI, Luigi";2006;historia-anarquismo;B
36;"Un Regard Noir : La Mouvance Anarchiste Française au Seuil de la Seconde Guerre Mondiale ey Sous L'occupation Nazie (1936-1945)";"SAHUC, Michel";2008;historia-anarquismo;A
38;"Uma campanha de salubridade : ou a crítica da ideologia do conformismo";"CARRAPATO, Júlio";1984;anarquismo;B
41;"Um Episódio de Amor Livre na Colônia Cecília";"ROSSI, Giovanni";;historia-anarquismo,revolucao-sexual;A
42;"Um Cadaver Ouve Radio";"REY, Marcos";1987;ficcao;A
45;"Um Cadáver ao Sol : A História do Operário Brasileiro que Desafiou Moscou e o PCB";"SALLES, Iza";2005;comunismo,biografia;A
46;"Ubirajara / Iracema";"ALENCAR, José de";1947;ficcao;A
47;"Três Novelas : A Felicidade Conjugal / A Morte de Ivan Ilitch / Sonata a Kreutzer";"TOLSTÓI, Lev";;ficcao;A
50;"Tres rusos muy rusos : Herzen, Bakunin y Kropotkin";"VIEJO, Enrique López";2008;anarquismo,biografia;A
52;"Três Depoimentos libertários : Edgar Rodrigues, Jaime Cubero, Diego Giménez Moreno";"JEREMIAS, Marcolino";2001;historia-anarquismo,biografia;A
54;"Travessias Revolucionárias : Ideias e Militantes Sindicalistas em São Paulo e na Itália";"TOLEDO, Edilene";2004;sindicalismo;A
58;"Trabalho e Dialética : Hegel, Marx e a Teoria Social do Devir";"RANIERI, Jesus";2011;marxismo;A
59;"Tragédia da Rua da Praia : Uma história de sangue, jornal e cinema";"GUIMARAENS, Rafael";2005;historia-anarquismo;B
62;"Trabalho, cultura e cidadania";"ARAUJO, Angela M. C.";1997;movimento-operario;B
63;"Trabalho Feminino e condição Social do Menor em São Paulo (1890-1920)";"MOURA, Esmeralda Blanco Bolsonaro de";1988;movimento-operario;B
70;"Trabajan para la Eternidad : Colectividades de trabajo y ayuda mutua durante la Guerra Civil en Aragón";"TORRE, Alejandro R. Díez";2009;revolucao-espanhola,autogestao;A
72;"Todo lo que querés saber sobre cómo hacerse un aborto con pastillas";"Lesbianas y feministas por la descriminalización del aborto";2010;feminismo;A
78;"The Role of the Revolutionary Organisation";"FEDERATION, Anarchist Communist";;anarquismo,anarcocomunismo;A
82;"The Surre(Gion)Alist Manifesto And Other Writings";"CAFARD, Max";2003;anarquismo;B
83;"The Spanish Civil War";"PAZ, Abel";1997;revolucao-espanhola;A
84;"The Sacco-Vanzetti Affair : American on Trial";"TEMKIN, Moshik";2009;historia-anarquismo,repressao;A
85;"The Role of the Revolutionary Organisation : Anarchist Communist Federation";"FEDERATION, Anarchist Communist";1995;anarquismo,anarcocomunismo;A
90;"The indians of Thoreau : Selections from the Indian Notebooks";"F. FLECK, Richard";1974;povos-indigenas;A
91;"The Orgasms of History : 3000 Years of Spontaneous Insurrection";"FREMION, Yves";2002;historia-anarquismo;B
93;"The Letters of Sacco & Vanzetti";"Sacco, Nicola ; Vanzetti, Bartolomeo";1997;historia-anarquismo,biografia;A
94;"The House in the Garden : The Bakunin family and the romande of the russian idealism";"RANDOLPH, John";2007;biografia;A
95;"The History of the Haymarket Affair : A Study in the American Social-Revolutionary and Labor Movements";"DAVID, Henry";1958;movimento-operario,historia-anarquismo;A
98;"The Case of Sacco and Vanzetti";"FRANKFURTER, Felix";1961;historia-anarquismo,repressao;A
100;"The Geography of Freedom";"FLEMING, Marie";1988;anarquismo,biografia;B
102;"The Black Flag : A look back at the strange case of Nicola Sacco and Bartolomeo Vanzetti";"JACKSON, Brian";1981;historia-anarquismo;A
103;"The Basic Bakunin : Writings 1869-1871";"CUTLER, Robert M.";1992;anarquismo;A
106;"La Tragedia Patagonia : Historia de un ensayo Anarquista";"PUNZI, Cnl (R) Orlando Mario";1991;historia-anarquismo,greve;A
110;"La sensibilité individualiste";"PALANTE, Georges";2007;anarquismo-individualista;B
112;"La Solucion Federalista en la Crisis Historica Argentina";"LAZARTE, Juan";1957;anarquismo;B
113;"La Semana Trágica de enero de 1919";"GODIO, Julio";1985;movimento-operario,repressao;A
114;"La Sangre da la Santa Águeda - Angiolillo, Betances y Cânovas : Análisis de un Magnicidio y sua Consecuencias Históricas";"FERNÁNDEZ, Frank";1994;historia-anarquismo;A
115;"La Rivoluzione Volontaria : Biografia per Immagini di Errico Malatesta";"SANTIN, Fabio";1980;anarquismo,biografia;A
116;"La revuelta permanente";"PORCEL, Baltazar";1978;historia-anarquismo;B
120;"La Revolución Desconocida : Ukrania 1917-1921, la gesta Makhnovista";"SCHUJMAN, Héctor";2000;makhnovtchina;A
122;"La Revolución Soy Yo : Vida y Obra del Anarquista Colombiano Biófilo Panclasta";"MARTÍNEZ, Orlando Villanueva";1999;historia-anarquismo,biografia;A
125;"La Revolucion Desconocida (1917-1921) : Documentación Inédita sobre la Revolución Rusa";"Volin";1977;revolucao-russa,makhnovtchina;A
128;"La Revolución Cubana : Un Enfoque Crítico";"DOLGOFF, Sam";1978;anarquismo;B
129;"La Revolución";"LANDAUER, Gustav";2005;anarquismo;B
131;"La Prensa Obrera En Chile, 1900-1930";"ESCOBEDO, Osvaldo Arias";2009;movimento-operario;A
132;"La Pratica dell'Utopia : Cinque saggi sull'anarchismo ieri oggi domani";"VEGA, Louis Mercier";1978;anarquismo;A
141;"La Obscena Muerte de Tina Torbado";"GALLEGO, Gregorio";1993;ficcao;B
145;"La Miseria E I Delitti : A Cura di M. Antonioli e F. Bertolucci";"GORI, Pietro";2011;anarquismo;B
150;"La Memoria Obrera : Testimonios de un militante";"VARONE, Domingo";2004;movimento-operario,biografia;A
151;"La Mano Negra : Caciques y señoritos contra los anarquistas";"MADRI, Juan";1998;historia-anarquismo,repressao;A
156;"La Internacional Obrera";"GARCÍA, Víctor";1977;movimento-operario;A
162;"La Internacional Obrera";"GARCÍA, Víctor";1977;movimento-operario;A
164;"La Guerra Civil En España";"JELLINEK, Frank";1978;revolucao-espanhola;A
166;"La Faraono";"PRUS, B.";1926;ficcao;A
167;"La F.O.R.A y el movimento obrero (1900-1910)";"BILSKY, Edgardo J.";1985;anarcossindicalismo,movimento-operario;A
169;"La FORA : Ideología y Trayectoria del Movimento Obrero Revolucionario en la Argentina";"ABAD DE SANTILLÁN, DIego ; SANTILLÁN, Diego Abad de";2005;anarcossindicalismo;A
170;"La Fora en el Movimento Obrero";"LÓPEZ, Antonio";1998;anarcossindicalismo;A
171;"La Faraono";"BEIN, Kazimierz";1926;ficcao;A
173;"La Escuela y Sus Alternativas de Poder : Estudio Crítico sobre la Autogestión Educativa";"JUBERO, Pedro Fontan";1978;educacao-libertaria,autogestao;A
175;"La Experiencia movimiento obrero : proletariado y organizacion : volume 2";"CASTORIADIS, Cornelius";1979;movimento-operario;A
178;"La Esperiencia del movimiento Obrero : Como luchar : volume 1";"CASTORIADIS, Cornelius";1979;movimento-operario;A
181;"La Escuela Iluminada 1931-1939";"ESCRIVÁ, Cristina";2010;educacao-libertaria;B
187;"La Educación Libertaria en la Argentina y en México (1861-1945)";"Acri, Martín Alberto ; Cácerez, María del Carmen";2011;educacao-libertaria;A
190;"La Democracia";"PROLETARIA, Grupo de Lucha";;anarquismo;B
192;"La Controrivoluzione preventiva : Riflessioni sul Fascismo";"FABBRI, Luigi";2009;fascismo,antifascismo;A
194;"La Commune Photographiée";"BAJAC, Quentin";2000;comuna-de-paris;A
199;"La Choledad Antiestatal : El Anarcosindicalismo en el movimiento obrero boliviano (1912-1965)";"GARCÍA, Huascar Rodríguez";2010;anarcossindicalismo;A
203;"A Dactilógrafa";"SCHMIDT, Afonso";1958;ficcao;A
210;"A Conferência da Paz e a sua Obra : O que ela foi e o que devia ser";"HAMON, Augustin";1919;antimilitarismo;B
217;"A CNT na Galicia 1922-1936";"PEREIRA, Dionísio";1994;anarcossindicalismo;A
221;"A Cathedral";"IBÁÑES, Vicente Blasco";;ficcao;A
223;"A caminho da sociedade nova";"CORNELISSEN, Christiano";1907;anarquismo,sindicalismo;B
229;"A Aventura Nuclear Brasileira : 25 anos do Acordo Nuclear Brasil - Alemanha";"DILGER, Gerard";2001;ecologia;B
238;"A abolição do trabalho e outros mitos";"SCHLEUNING, Neala";2011;anarquismo;B
241;"1968 : O ano que não terminou: A aventura de uma geração";"VENTURA, Zuenir";1988;movimento-estudantil;B
242;"1968 do sonho ao pesadelo : O sonho dos estudantes ,de reformar o ensino, as instituições e muito mais. E o papel do jornal como registro, como / memória";"Pontes, José Alfredo Vidigal ; Carneiro, Maria Lúcia";1968;movimento-estudantil;A
247;"1º de Maio : Cem anos de luta 1886-1986";"Centro de Memória Sindical";1986;primeiro-de-maio,movimento-operario;A
248;"¿Qué es la propiedad? : Investigaciones acerca del Principio del Derecho y del Gobierno - Primera Memoria (1840)";"PROUDHON, Pierre-Joseph";1946;anarquismo,mutualismo;A
250;"62 Modelo para Armar";"CORTÁZAR, Julio";;ficcao;A
252;"1º de Maio : Sua origem, seu significado e suas lutas";"ROIO, José Luiz Del";1986;primeiro-de-maio;A
253;"1º de Maio : Cem anos de Luta";"Cardoso, Alcina de Lara ; Araújo, Silvia Pereira de";1986;primeiro-de-maio;A
256;"A Ordem do Castigo no Brasil";"SOLAZZI, José Luís";2007;abolicionismo-penal;B
260;"A Origem da 1ª Internacional em Lisboa";"FONSECA, Carlos da";1978;movimento-operario;A
263;"A Moreninha";"MACEDO, Joaquim Manuel de";1968;ficcao;A
267;"A Marcha : Romance da Abolição";"SCHMIDT, Afonso";1945;ficcao;A
268;"A Necessidade do Controle Social";"MÉSZÁROS, István";1993;marxismo;B
269;"A Morte do Sapateiro : A Saga dos Anos 30";"MAFFEI, Eduardo";1982;ficcao;B
272;"A Marcha : Romance da Abolição";"SCHMIDT, Afonso";1941;ficcao;A
278;"A Longa Solidão";"DAY, Dorothy";1957;biografia;A
280;"A Liberdade do Corpo : Soma, Capoeira Angola e Anarquismo";"MATA, João da";2001;anarquismo;A
285;"A la Revolución por la Cultura : Práticas culuturales y sociabilidad libertarias en el País Valenciano, 1931-1939";"NAVARRO, Javier";2004;historia-anarquismo;A
286;"A Internacional : Documentos e Recordações : volume 1";"GULLAUME, James";2009;movimento-operario,historia-anarquismo;A
292;"A Imagem Rebelde : A Trajetória Libertária de Avelino Fóscolo";"DUARTE, Regina Horta";1991;historia-anarquismo,biografia;A
306;"A Guerra Civil de 1932 (em São Paulo) : Solução Imediata dos Grandes Problemas Sociaes";"Carvalho, Florentino de ; Soares, Primitivo";1932;anarquismo;B
319;"A Favor ou Contra a Autoridade";"LOBROT, Michel";1977;educacao-libertaria;B
336;"A Dôr Universal";"FAURE, Sébastien";1933;anarquismo;A
339;"A Construção Discursiva do Povo Brasileiro : Os discursos de 1ºª de Maio de Getúlio Vargas";"LIMA, Maria Emilia A. T.";1990;primeiro-de-maio;A
340;"Almanach du Pere Peinard 1898";"PEINARD, Pere";;anarquismo;A
341;"Alla Prova del Sessantotto : L'Anarchismo internazionale al Congresso di Carrara";"ZANI, Roberto";2008;historia-anarquismo;A
345;"Alice no País das Maravilhas";"CARROLL, Lewis";1997;ficcao;A
350;"Alberto Ghiraldo : Precursor de nuevos tiempos";"CORDERO, Hector Adolfo";1962;historia-anarquismo,biografia;B
351;"Agulha no Palheiro : Reflexões sobre o Anarquismo e sua Presença nos Livros Didáticos";"CARRERI, Marcio Luiz";2001;anarquismo;A
353;"Agriculture";"PURCHASE, Graham";1996;ecologia-social;B
354;"Agente de Staline";"KRIVITSKI, General Walter G.";1989;comunismo;B
359;"Admirável Mundo Novo";"HUXLEY, Aldous";1985;ficcao;A
360;"Admirável Mundo Novo";"HUXLEY, Aldous";1982;ficcao;A
365;"África Rebelde : Comunalismo y Anarquismo en Nigeria";"Mbah, Sam ; Igariwey, I. E.";2000;anarquismo;A
366;"Adriano Botelho : Memória & ideário";"Abreu, Carlos ; Freire, João";1989;historia-anarquismo,biografia;A
367;"Actes du Colloque Han Ryner";"MARSEILLE, CIRA";2003;anarquismo-individualista;B
380;"A viagem de Mozart a Praga";"MÖRIKE, Eduard";1989;ficcao;A
381;"A Verdade sobre Cronstadt";"PETRITCHENKO, S. M.";1975;revolucao-russa;A
382;"A.I.T : La Internacional del sindicalismo revolucionario";"Confederación Nacional del Trabajo";;anarcossindicalismo;A
386;"A Venus Castigadora";"SACHER-MASOCH, Leopold Von";1968;ficcao;A
389;"A Través de la Metralla : escenas vividas en los frentes y en la Retaguardia";"GUERRA, Armand";2005;revolucao-espanhola;A
390;"A Tirania das Organizações sem Estrutura";"FREEMAN, Jo";2005;feminismo;B
391;"A Velhice do Padre Eterno";"JUNQUEIRO, Guerra";;anticlericalismo;B
392;"A través de la Metralla : Escenas vividas en los frentes y en la retaguardia";"GUERRA, Armand";2005;revolucao-espanhola;A
393;"A Tragédia de Sacco e Vanzetti";"RUSSELL, Francis";1966;historia-anarquismo;A
394;"A Tragédia de Sacco e Vanzetti";"FAST, Howard";1955;historia-anarquismo,ficcao;B
395;"A Tomada da Ford : O nascimento de um sindicato livre";"BRITO, José Carlos Aguiar";1983;sindicalismo;A
396;"A Sombra de Júlio Frank";"SCHMIDT, Afonso";1950;ficcao;B
397;"A Organização dos Jornalistas Brasileiros 1908-1951";"LEUENROTH, Edgard";1987;sindicalismo;B
398;"A Sociedade Futura";"GRAVE, J.";1912;anarquismo;A
401;"A Semana Trágica : A Greve Geral Anarquista de 1917";"LOPREATO, Christina Roquette";1997;greve,historia-anarquismo;A
404;"A Sementeira de Idéias : Edgar Rodrigues, uma Vida Dedicada à Memória Anarquista";"ALANIZ, Anna Gicelle Garcia";2009;historia-anarquismo,biografia;A
406;"Sacco e Vanzetti e as aventuras de Celestino Medeiros";"SPLAYNE, M.";1928;historia-anarquismo;A
412;"Salvador Puig Antich e a luta armada anticapitalista na Catalunha nos últimos anos do franquismo";"Golarons, Ricard de Vargas (org.)";2021;historia-anarquismo,acao-direta;A
413;"A Política do impossível";"DAGERMAN, Stig";2021;anarquismo;B
422;"A Road Unforeseen : Women Fight the Islamic State";"TAX, Meredith";2016;feminismo;A
423;"Romantic Rationalist : A William Godwin Reader";"Godwin, William ; Clark, John P.";2017;anarquismo;A
424;"Caleb Williams : Or, Things as They Are";"GODWIN, William";2005;ficcao;A
428;"Muertos incómodos : falta lo que falta";"Subcomandante Marcos ; Taibo II, Paco Ignacio";2005;ficcao,mexico;B
429;"Sacco y Vanzetti : dos nombres para la protesta";"QUESADA, Fernando";2007;historia-anarquismo,repressao;A
433;"La revolución desconocida";"VOLIN, Eugene";1977;revolucao-russa,makhnovtchina;A
440;"Los buenos no usan paraguas : desmontando un montaje: desnudando al estado";"LUZARRAGA, Asel";2016;repressao;A
441;"El imperialismo del dolar : América latina: Revolución o alienación";"GUILLÉN, Abraham";1962;socialismo;B
444;"La gesta traicionada : Los anarquistas vascos y la guerra civil en Euskal Herriak (Julio 1936-Julio 1937)";"NÚÑEZ, Alfredo Velasco";2018;revolucao-espanhola;A
446;"La revolución mexicana y el movimiento obrero 1911-1923";"RUIZ, Ramón Eduardo";1981;movimento-operario,mexico;A
447;"Estafar un banco... Qué placer! y otras historias";"ANDRÉS, Augusto Chacho";2021;historia-anarquismo,biografia;B
448;"El Otoño de Kropotkin : Entre guerras y revoluciones (1905-1921)";"MAÍZ, Jordi";2021;anarquismo,biografia;A
452;"La Peste, La Bestia y el Monstruo";"MOST, Johann";2014;anarquismo;A
454;"Barcelona, mayo de 1937";"GUILLAMÓN, Agustín";2019;revolucao-espanhola;A
459;"Huye hombre, huye : diario de un preso FIES";"GONZÁLEZ, Xosé Tarrio";2020;abolicionismo-penal,repressao;A
460;"Invertidos y rompepatrias : marxismo, anarquismo y desobedienca sexual y de género en el estado español (1868-1982)";"SUBRAT, Piro";2020;anarquismo,revolucao-sexual;A
462;"Wenüy : por la memoria rebelde de Santiago Maldonado";"Anônimo";2018;repressao,povos-indigenas;A
463;"Osvaldo Bayer : el rebelde esperanzado";"FERRARI, Germán";2018;biografia;A
465;"La clase trabajadora argentina : documentos para su historia - 1890/1912)";"SPALDING, Hobart";1970;movimento-operario;A
471;"¿Qué debemos hacer los Anarquistas? : y otros Textos";"BAYER, Osvaldo";2014;anarquismo;A
477;"Women in the Spanish Revolutioin";"WILLIS, Liz";1975;revolucao-espanhola,mulheres-anarquistas;A
478;"Webs of Power : Notes From The Global Uprising";"Starhawk";2002;acao-direta,feminismo;B
480;"You Can't Blow Up a Social Relationship : The Anarchist Case Against Terrorism";"identificado, Não";1990;anarquismo;A
482;"We are everywhere : the irresisteble rise of global anticapitalism";"NOWHERE, Notes from";2003;acao-direta;B
483;"Von Jakarta bis Johannesburg : Anarchismus Weltweit";"Kalicha, Sebastian ; Kuhn, Gabriel";2010;anarquismo;A
485;"Você Não Pode ser Neutro num Trem em Movimento : Uma História Pessoal dos Nossos Tempos";"ZINN, Howard";2005;biografia;A
488;"Viva Bresci!";"CIANCABILLA, Giuseppe";;historia-anarquismo;B
489;"Vigo, Vulgo Almereyda";"GOMES, Paulo Emilio Salles";1991;historia-anarquismo,biografia;B
495;"Bakunin y Marx : sombra y luz";"DUCLOS, Jacques";1979;anarquismo,marxismo;A
497;"""Bandera proletaria"" : selección de textos (1922-1930)";"REINOSO, Roberno";1985;movimento-operario;B
498;"Banalidades de Base";"VANEIGEM, Raoul";1998;contracultura;B
500;"Bakunin : Crítica y acción";"MINTZ, Frank";2006;anarquismo,biografia;A
501;"Bakunin : Absoluto y Revolución";"ARVON, Henri";1975;anarquismo,biografia;A
503;"Bakunin Crítica y Acción";"MINTZ, Frank";2006;anarquismo,biografia;A
504;"Bakounine - Oeuvres Completes : L'italie 1871-1872";"BAKOUNINE, Michel";1973;anarquismo;A
505;"Bakunin";"COELHO, Plínio Augusto";1994;anarquismo,biografia;A
506;"Bakounine : ou Le Demon de la Revolte";"BRUPBACHER, Fritz";1971;anarquismo,biografia;A
507;"Bakounine : Fondateur du Syndicalismo Révolucionaire";"LEVAL, Gaston";1998;anarquismo,anarcossindicalismo;A
508;"Bakounine et le panslavisme révolutionnaire : Cinq Essais Sur L'Histoire des Idées En Russie Et En Europe";"HEPNER, Benoît-P.";1950;anarquismo;A
509;"Badaraco, el Héroe prohibido : Anarquismo y luchas sociales en tiempos de infamia";"ROSALES, Juan";2001;historia-anarquismo,biografia;A
511;"Aventuras de Indalécio";"SCHMIDT, Afonso";1951;ficcao;A
517;"Aventuras de Alice : No país das maravilhas / Através do espelho e o que Alice encontrou lá e outros textos";"CARROLL, Lewis";1977;ficcao;A
522;"Aurora Rubra";"VILA, Vargas";;ficcao;B
523;"AUrelio Chessa : Il Viandante Dell'Utopia";"CHESSA, Fiamma";2007;historia-anarquismo,biografia;A
526;"Assim cantava um cidadão do mundo : Poemas que Levaram o Autor Treze Vezes aos Cárceres do Santo Oficio de Salazar";"NEVES, Roberto das";1952;anarquismo;B
529;"Attilo Sassi Detto Bestione : Auto Biografia Di Un Sindicalista Libertario";"Marabini, Tomaso ; Sacchetti, Giorgio ; Zani, Roberto";2008;sindicalismo,biografia;A
530;"Ateneos y Grupos Ácratas : Vida y actividad Cultural de las Asociaciones Anarquistas Valencianas durante la Segunda República y la Guerra Civil";"NAVARRO, Francisco Javier Navarro";;historia-anarquismo,revolucao-espanhola;A
535;"As Raízes do Fenômeno Chiapas : O Já Basta da Resistência Zapatista";"ARELLANO, Alejandro Buenrostro y";2002;povos-indigenas,mexico;A
536;"As Prisões, os Jovens e o Povo";"Piek, Nicodemus ; Queiroz, José J.";1985;abolicionismo-penal;A
537;"Assédio Moral na Escola Pública : Um problema de saúde numa visão libertária";"Gallarza, Wellington ; Tavares, Malvina";;educacao-libertaria;A
552;"Anarquismo - Roteiro da Libertação Social";"LEUENROTH, Edgard";1963;anarquismo;A
558;"As Façanhas de um Jovem Don Juan";"APOLLINAIRE, Guillaume";1995;ficcao;A
561;"As Aventuras de Tintin : Construindo a Liberdade";"DANIELS, J. S.";2009;anarquismo;B
574;"Anuário 96/97 Maria Lacerda de Moura : Vanguarda nas Gerais";"LACERDA DE MOURA, Maria";1997;mulheres-anarquistas,biografia;A
582;"Antología ácrata Española";"MUÑOZ, Vladimiro";1974;anarquismo;A
586;"Antologia de Pensamentos de Gonzalez Prada";"CARPIO, Campio";1947;anarquismo;B
588;"Anselmo Lorenzo : Figuras del sindicalismo Español";"MONTSENY, Frederica";1970;anarcossindicalismo,biografia;A
592;"Como se casa / Como se morre";"ZOLA, Émile";1999;ficcao;A
595;"Comunicado Urgente contra o Desperdício";"CALVO, Agustín García";1990;anarquismo;B
597;"Como se Fabrica un Proceso Judicial";"PASSAMANI, Masimo";2004;repressao;A
598;"Como a Criança Pensa : A Psicologia de Piaget e suas Aplicações Educacionais - Summerhill";"BEARD, Ruth M.";;educacao-libertaria;B
600;"Colônia Cecília / Zanzalá / Reino do Céu";"SCHMIDT, Afonso";;ficcao,historia-anarquismo;A
601;"Como amar uma Criança";"KORCZAK, Janusz";1983;educacao-libertaria;B
603;"Comédias da Vida Privada : 101 Crônicas escolhidas";"VERISSIMO, Luis Fernando";1996;ficcao;A
604;"Combates e Batalhas : volume 1";"BRANDÃO, Octavio";1978;comunismo;B
606;"Colônia Cecília e Outras Utopias";"ROSSI, Giovanni";2000;historia-anarquismo;A
607;"Coletivos Guarani no Rio Grande do Sul : Territorialidade, Interetnicidade, Sobreposições e Direitos Específicos";"HUMANOS, Comissão de Cidadania e Direitos";2010;povos-indigenas;A
611;"Città di Roma";"GATTAI, Zélia";2000;ficcao;B
613;"Colectividades y Revolución Social : El Anarquismo en la guerra civil española, 1936-1939";"BERNECKER, Walther L.";1982;revolucao-espanhola,autogestao;A
614;"Colectividades Libertarias en Castilla";"MOLINA, José Luís Gutiérrez";;revolucao-espanhola,autogestao;A
616;"Civilização Tronco de Escravos";"LACERDA DE MOURA, Maria";1931;mulheres-anarquistas,feminismo;B
624;"Cien Imágenes para un Centenario : CNT 1910 - 2010";"DELSO, Juan Pablo Calero";2010;anarcossindicalismo;A
625;"Cidadania E Direitos Do Trabalho";"GOMES, Angela Maria De Castro";2002;movimento-operario;A
628;"CGT no Brasil 1961-1964";"NEVES, Lucília de Almeida";1981;sindicalismo;A
629;"Centenario de los Sucesos en Chicago 1886-1896";"ASKOLDOVA, Svetlana";1986;primeiro-de-maio,movimento-operario;A
631;"Chiapas : as comunidades zapatistas reescrevem a história";"GENNARI, Emilio";2002;povos-indigenas,mexico;A
638;"Cartas de P.J. Proudhon";"Halevy, Daniel ; Guilloux, Louise";1932;anarquismo,mutualismo;A
639;"Catechism of the Revolutionist";"NECHAYEV, Sergei";1989;anarquismo;A
641;"Capitalismo, Anticapitalismo e Organização Popular";"Popular, Universidade ; Desempregados, Movimento dos Trabalhadores";2010;anarquismo;B
643;"Cândido ou o otimismo";"Voltaire ; Arrabal, José";1985;ficcao;A
646;"Capitalismo, Anticapitalismo e Organização Popular : Cadernos Sociais";"Popular, Universidade ; MTD";2010;anarquismo;B
647;"Caos : Terrorismo Poético & outros crimes exemplares";"BEY, Hakim";2003;anarquismo;B
650;"Burocracia e Ideologia";"TRAGTENBERG, Maurício";1977;socialismo;B
652;"Brutalidade";"SCHMIDT, Afonso";1927;ficcao;B
656;"Cabezas de Tormenta";"FERRER, Christian";;anarquismo;B
662;"Brasil e Venezuela : Histórico das relações trabalhistas de 1889 até Lula e Chávez";"MORAIS, Wallace";2001;movimento-operario;A
663;"Brasil e Venezuela : Histórico das Relações Trabalhistas de 1889 até Lula e Chávez";"MORAES, Wallace";2011;movimento-operario;A
666;"Bombe e segreti : piazza fontana: una strage senza colpevoli con un´intervista a guido salvini";"LANZA, Luciano";2009;repressao;A
667;"A bomba";"HARRIS, Frank";2003;ficcao,historia-anarquismo;A
668;"Bom Tempo";"SCHMIDT, Afonso";1956;ficcao;A
673;"Black Flame : The Revolutionary Class Politics os Anarchism and Syndicalism - Counterpower : volume 1";"Walt, Lucien van der ; Schmidt, Michael";2009;anarquismo,anarcossindicalismo;A
676;"Bartolomeu & Nicolau";"FILHO, Olavo Cabral Ramos";;historia-anarquismo;B
683;"Animal Farm";"ORWELL, George";1988;ficcao;A
737;"Anarkos : Literaturas Libertarias de America del Sur 1900";"Andreu, Jean ; Fraysse, Maurice ; Montoya, Eva Golluscio de";1990;ficcao,anarquismo;A
761;"Análisis de una Cultura Política de Resistencia : Sociología Y Anarquismo";"BELLIDO, Raúl Ruano";2009;anarquismo;A
766;"Amai e... não vos multipliqueis";"LACERDA DE MOURA, Maria";1932;feminismo,mulheres-anarquistas;B
767;"A Semana Trágica : A Greve geral anarquista de 1917";"LOPREATO, Christina Da Silva Roquette";2007;greve,historia-anarquismo;A
769;"A Revolução Sexual";"REICH, Hilhem";1969;revolucao-sexual;A
770;"A Revolução Nihilista na Russia";"Stepniak";;historia-anarquismo;B
771;"A Revolução Desconhecida Vol. 1 : Nascimento, Crescimento e triunfo da Revolução Russa (1825-1917)";"Volin";1980;revolucao-russa;A
773;"A Revolução Mexicana";"MAGÓN, Ricardo Flores";2003;mexico,anarquismo;A
776;"A Revolução Desconhecida : Nascimento, Crescimento e Triunfo da Revolução Russa (1825-1917) : volume 1";"Volin";1980;revolucao-russa;A
778;"A Revolta de Kronstadt";"ARVON, Henri";1984;revolucao-russa;A
783;"A Religião do Capital";"LAFARGUE, Paul";1975;marxismo;B
784;"A reconquista da terra : estatuto da terra, lutas no campo e reforma agrária";"MINC, Carlos";1986;questao-agraria;A
786;"A Questão da Pena de Morte";"INTERNACIONAL, Anistia";1998;abolicionismo-penal;A
787;"A Questão da Individualidade : A Critica do Humano e do Social na Polêmica Stirner-Marx";"SOUZA, José Crisóstomo de";1993;anarquismo-individualista,marxismo;A
789;"A Primeira Viagem";"SCHMIDT, Afonso";1947;ficcao;A
796;"A Presença Rebelde na Cidade Sorriso : Contribuição ao Estudo do Anarquismo em Curitiba 1890-1920";"VALENTE, Silza Maria Pasello";2004;historia-anarquismo;A
802;"Del hogar a la fábrica : Deshonra o virtud?";"SIERRA, Yamandú Gonzales";1994;feminismo,movimento-operario;B
803;"Democracia no trabalho";"WILSON, Harold B.";1974;autogestao;B
807;"Del delito e delle pene nella societa´di domani";"DAMIANI, Gigi";2010;anarquismo,abolicionismo-penal;A
808;"Dedo nos Lábios";"SCHMIDT, Afonso";1953;ficcao;A
809;"De Volta para o Futuro Primitivo";"Falleiros, Guilherme ; Pradella, Gustavo";2011;anarquismo;B
810;"De Las Negras Bombas a Las Doradas Naranjas : Colonias Escolares 1936-1939";"MOSCARDÓ, Cristina Escrivá";2011;educacao-libertaria,revolucao-espanhola;A
813;"De la 1ª a la 3ª Internacional : la cuestion de la mujer";"HEINEN, Jacqueline";1978;feminismo,socialismo;A
814;"Défense et Actualité de Proudhon";"LANGLOIS, Jacques";1976;anarquismo,mutualismo;A
817;"Da União à Fundação : A História da Panificação de São Paulo";"PERISSINI, Nilmara Cristina";2005;sindicalismo;B
818;"Da (In)Humanidade da Religião";"VANEIGEM, Raoul";2002;anticlericalismo;B
820;"Dal Cabaret alle Barricate";"MÜHSAN, Erich";1999;anarquismo,biografia;B
825;"CUT - Por Dentro E Por Fora";"Giannotti, Vito ; Neto, Sebastião";1990;sindicalismo;A
827;"Cultura y libertad : La educación en las Juventudes Libertarias (1936-1939)";"SORIA, Juan Manuel Fernández";1996;educacao-libertaria,revolucao-espanhola;A
831;"Cuatro meses de barbarie : Mallorca bajo el terror fascista";"PÉREZ, Manuel";2009;revolucao-espanhola,repressao;A
833;"Culturas de classe";"BATALHA, Claúdio H. M.";2004;movimento-operario;B
834;"Culturas da Contestação : Anarquistas e anticlericais em Santa Catarina 1900-1940";"RUDY, Antonio Cleber";2010;historia-anarquismo,anticlericalismo;A
836;"Cultura Amordaçada : Intelectuais e músicos sob a vigilância do Deops";"CARNEIRO, Maria Luiza Tucci";2002;repressao;A
837;"Cronicas demoledoras";"PRAT, José";;anarquismo;B
839;"Crónicas Demoledoras";"PRAT, José";;anarquismo;B
840;"Crônicas de Lélio";"ASSIS, Machado de";1958;ficcao;A
842;"Cronache Anarchiche : Il Giornale Umanità Nova nell'Italia nel Novecento (1920-1945)";"Fracno SCHIRONE";2010;historia-anarquismo;A
845;"Crítica da Idéia de Sanção";"GUYAU, Jean-Marie";2007;anarquismo;B
853;"Corresponsal en la Guera Civil Española";"EHRENBURG, Ilya";1979;revolucao-espanhola;A
854;"Correspondencia Selecta de Francisco Ferrer Guardia";"MUÑOZ, V.";;educacao-libertaria,biografia;A
863;"Conversas com Pais e Mestres : Summerhill";"LANE, Homer";1972;educacao-libertaria;A
867;"Conversaciones Sobre El Movimiento Obrero : Entrevistas con Militantes de La CNT";"ABELLA, Isidro Guardia";1978;anarcossindicalismo,movimento-operario;A
870;"Contre Rome : La Bataille Anticléricale em Europe";"GRAND-CARTERET, John";;anticlericalismo;A
871;"Conversaciones Con Bakunin";"LEHNING, Arthur";1978;anarquismo;A
872;"Contro la Chiesa : I Moti Pro Ferrer Del 1909 in Italia";"ANTONIOLI, Maurizio";2009;anticlericalismo,historia-anarquismo;A
875;"Contraviolência";"MEINHOF, Ulrike";1978;acao-direta;B
876;"Contrarrevolución en la Argentina, 1900-1932 : La Liga Patriótica Argentina";"DEUTSCH, Sandra McGee";2003;repressao;B
877;"Contra la Democracia";"QARMAT, Miriam";2006;anarquismo;A
879;"Contos da Nova Cartilha : Primeiro Livro de Leitura";"TOLSTÓI, Lev";2005;ficcao,educacao-libertaria;B
881;"Conter L'AGCS : c'est ici et mantenant!";"Confederación Nacional del Trabajo";2005;anarcossindicalismo;B
882;"Contra los Jueces : El discurso anarquista en sede judicial";"D´AURIA, Aníbal A.";2009;anarquismo,abolicionismo-penal;A
883;"Contos Sem Data";"ASSIS, Machado de";1990;ficcao;A
884;"Contos Reunidos";"Fonseca, Rubem ; Schnaiderman, Boris";1995;ficcao;A
886;"Conheça Marx";"Rius";;marxismo;A
890;"Condições De Trabalho Na Indústria Têxtil Paulista (1870-1930)";"RIBEIRO, Maria Alice Rosa";1988;movimento-operario;A
910;"El Agitador : Alfredo De Ángeli y la historia secreta de la rebelión chacarera";"MURANO, Adrián";2008;questao-agraria;B
911;"El Abogado del Hombre Más Malo del Mundo : y otros relatos";"MIRAMAR, Jose Luis Carretero";2011;ficcao;B
916;"Educare per la libertá";"SMITH, Michael P.";1990;educacao-libertaria;A
927;"Educación Libertaria Y Revolución Social : España 1936-1939";"FERRER, Alejandro Tiana";1987;educacao-libertaria,revolucao-espanhola;A
929;"Edgardo Ricetti, Maestro y Luchador Social : 12 años de Experiência Pedagógica en Sabadell (España) 1927-1939";"COPPARONI, Edna";1992;educacao-libertaria,biografia;A
930;"Ecos de liberdade : ou Educação Anarquista: A Escola Moderna de Francisco de Ferrer y Guardia (1901-1919)";"SILVA, Alan B. T.";2010;educacao-libertaria;A
933;"Durruti La furia Libertaria";"VIDAL, César";1996;revolucao-espanhola,biografia;A
938;"Dynamite and Roses : Lucy and Albert Parsons and the Haymarket Bombing";"BENEDETTI, Robert";2010;historia-anarquismo,biografia;A
940;"Durruti";"ACERETE, Julio C.";1975;revolucao-espanhola,biografia;A
941;"Dos Utopías Argentinas De Principios De Siglo";"WEINBERG, Félix";1986;anarquismo;B
943;"Do Terrorismo e do Estado : A teoria e a prática do terrorismo divulgadas pela primeira vez";"SANGUINETTI, Gianfranco";1981;repressao;B
945;"Dossier Contra Las Cárceles";"LIBERTÁRIAS, Federación Ibérica de Juventudes";;abolicionismo-penal;A
950;"Do governo dos vivos : Curso no Collège de France, 1979-1980 (excertos)";"FOUCAULT, Michel";2010;anarquismo;B
953;"Do Federalismo";"BERTHIER, René";2011;anarquismo;A
957;"Dictadura y Revolución";"FABBRI, Luigi";1967;anarquismo;A
959;"Discurso sobre o Filho-da-Puta";"PIMENTA, Alberto";;ficcao;B
961;"Direct Action : an Ethnography";"GRAEBER, David";2009;acao-direta;A
966;"Diario e Ideario di un Delinquente";"SILVA, Gabriel Pombo da";2005;abolicionismo-penal,biografia;B
967;"Diário do Gueto";"KORCZAK, Janusz";1986;biografia;A
971;"Dias de Guerra, Noites de amor";"CrimethInc.";2010;anarquismo;B
972;"Diáologo Imaginário entre Marx e Bakunin";"CRANSTON, Maurice";2011;anarquismo,marxismo;A
973;"Diálogo Imaginário Entre Marx e Bakunin";"CRANSTON, Maurice";1999;anarquismo,marxismo;A
975;"Deus Existe? Eis a Questão";"FAURE, Sébastien";;anticlericalismo;A
977;"Desobediencia Civil";"THOREAU, Henry David";2010;resistencia-ao-governo;A
981;"Determinismo e Responsabilidade";"HAMON, Augustin";1900;anarquismo;B
982;"Desobediência Civil : Resistência ao Governo Civil";"THOREAU, Henry David";;resistencia-ao-governo;A
983;"Desobediencia Civil y Otros Textos";"THOREAU, Henry David";2009;resistencia-ao-governo;A
987;"Entre Colunas : Ensaios Sociológicos e Filosóficos";"NEVES, Roberto das";;anarquismo;B
991;"Entre la Revolución y las Trincheras : 1936-1937 Barcelona";"BERNERI, Camilo";1946;revolucao-espanhola;A
992;"Entre el Dolor y la Ira : La Venganza de Antonio Ramón Ramón. Chile, 1914";"DONOSO, Igor Goicovic";2007;historia-anarquismo;B
995;"Ensayos y Conferencias";"GORI, Pietro";1947;anarquismo;A
996;"Ensaio Sobre a Luta de Classes : Repressão aos Operários da COFERRAZ Abril de 82";"BERNARDO, João";1978;movimento-operario,repressao;A
999;"Enrico Zambonini e La Colonia L'Adonata Dei Refrattari : Un'Esperienza Di Educazione Libertaria Durante La Guerra Civile Spagnola";"MURATORI, Matteu";2010;educacao-libertaria,revolucao-espanhola;A
1000;"Enero 1919 : Las Jornadas de la Huelga General";"SOLERO, Carlos A.";2007;greve,movimento-operario;A
1002;"Encíclica ao papa sobre a carta dos artistas";"TAVARES, José";;anticlericalismo;B
1004;"Empresa Social e Globalização : Administração autogestionária: uma possibilidade de trabalho permanente";"SINGER, Paul";1998;autogestao;A
1005;"Emma Goldman";"LOBO, Elisabeth Souza";1983;mulheres-anarquistas,biografia;A
1009;"Emma Goldman in Exile : From the Russian Revolution to the Spanish Civil War";"WEXLER, Alice";1989;mulheres-anarquistas,biografia;A
1010;"Emilio López Arango : Identidad y fervor libertario";"PENELAS, Carlos";2007;historia-anarquismo,biografia;A
1014;"Élisée Reclus, Géographe et Poète";"CORNUAULT, Joël";2002;anarquismo,biografia;A
1015;"El Único Y Su Propiedad";"STINNER, Max";2007;anarquismo-individualista;A
1018;"Elza, a garota : A História da jovem comunista que o partido matou";"RODRIGUES, Sérgio";2009;comunismo,biografia;A
1021;"Élisée Reclus ou la passion du monde";"SARRAZIN, Hélène";1985;anarquismo,biografia;A
1024;"El Proletariado Industrial em México (1850-1930)";"BASURTO, Jorge";1975;movimento-operario,mexico;A
1025;"El Proceso de Bragado";"QUESADA, Fernando";1974;repressao;B
1027;"El Quilombo De Los Palmares : Las Religiones Negras Del Brasil";"PÉRET, Benjamín";2000;povos-indigenas;B
1028;"El proletariado militante : Memorias de un internacional";"LORENZO, Anselmo";2005;movimento-operario,biografia;A
1029;"El Proceso Sacco - Vanzetti";"AMADO, Luis";;historia-anarquismo,repressao;A
1030;"El Proceso de Bragado : ¡Yo acuso!";"VUOTTO, Pascual";1991;repressao;B
1031;"El Problema de los Sexos";"MONTSENY, Federica";;feminismo,mulheres-anarquistas;B
1032;"El Prestigio de Santanas : Enfoques Libertarios";"FILIPPO, Luis Di";1991;anarquismo;A
1034;"El Pensamiento de Ricardo Mella";"RUIZ, Benjamín Cano";1979;anarquismo;A
1038;"El Pensamiento Político del Joven Trotsky : en los orígenes de la revolución permanente";"BROSSAT, Alain";1976;marxismo;A
1040;"El Pensamiento de Juan Peiró : Seleccion de sus Principales Textos Sobre Sindicalismo y Anarquismo Publicados en el Año 1925";"CARRAL, Emili Coratvitarte i";1989;anarcossindicalismo;A
1042;"El Nuevo Israel";"SOUCHY, Agustín";1958;anarquismo;B
1046;"El Mundo libertario : Anarquismo en el Bicentenario de Proudhon";"Le Monde Diplomatique";2009;anarquismo,mutualismo;A
1049;"El Lenguaje de los hechos : Ocho ensayos en torno a Buenaventura Durruti";"Pérez, Javier Ortega ; Toro";1996;revolucao-espanhola,biografia;A
1050;"El Internado-Escuela ""Durruti"" 1937-1939";"MOSCARDÓ, Cristina Escrivá";2011;educacao-libertaria,revolucao-espanhola;A
1051;"El individuo contra el estado";"SPENCER, Herbert";1977;anarquismo-individualista;B
1061;"El Fetichismo del Poder";"FILIPPO, Luis Di";1987;anarquismo;B
1063;"El Estado en la Historia";"LEVAL, Gaston";;anarquismo;A
1067;"El educador Mercenario : Escrituras Ahuyentable I / Para una crítica de las escuelas de la democracia";"OLIVO, Pedro García";2009;educacao-libertaria;A
1068;"El Dolorido Sentir";"FILIPPO, Luis Di";1991;ficcao;B
1070;"El Estado en La Historia";"LEVAL, Gaston";;anarquismo;A
1071;"El Espíritu De Las Leyes Salvajes : Pierre Clastres o una nueva antropoligía política";"ORG., Miguel Abensour";1987;anarquismo;B
1072;"El Copey : Uma posição libertária nas lutas revolucionárias dos anos 60/70 da América Latina";"URUGUAI, Federação Anarquista";2009;historia-anarquismo;A
1077;"El Congreso Confederal de Zaragoza, 1936";"Confederación Nacional del Trabajo";1978;anarcossindicalismo,revolucao-espanhola;A
1079;"El Caso Pardeiro : Un Ajusticiamiento Anarquista";"CUESTA, Fernando 'o Neill";2001;historia-anarquismo;A
1087;"Fodido e Xerocado - Por Favor, Olhe Para Mim : Fotos do Punk no Brasil - 00";"Oliva, Daigo ; Mondini, Mateus";2007;contracultura,anarco-punk;A
1088;"Flores aos Rebeldes que Falharam : Giovanni Rossi e a Utopia Anarquista";"MUELLER, Helena Isabel";1999;historia-anarquismo;A
1089;"Florentino de Carvalho : Pensamento social de um anarquista";"NASCIEMNTO, Rogério H. Z.";2000;anarquismo,biografia;A
1092;"Filhos do Povo";"BATINI, Tito";1945;ficcao;A
1094;"Feyerabend : Epistémologie, anarchisme et société libre";"DISSAKÈ, Emmanuel Malolo";2001;anarquismo;A
1097;"Fernando Quesada : Un trozo de historia libertaria";"CIMAZO, Jacinto";1979;historia-anarquismo,biografia;A
1102;"Fátima : Cartas ao Cardeal Patriarca de Lisboa";"FONSECA, Tomaz da";1955;anticlericalismo;A
1106;"Farewell";"DRUMMOND DE ANDRADE, Carlos";1996;ficcao;B
1107;"Faccia a faccia col Nemico : Cronache giudiziarie dell´anarchismo militante";"ORG., Luigi Galleani";2001;historia-anarquismo,repressao;A
1115;"Evasión del penal de Ocaña, 1948 : Una Página Desconocida de la Lucha del Movimiento Libertário contra el Franquismo";"García, José Yañez ; Espin, Vicente ; Toledano, Antonio Cerezo";1993;historia-anarquismo,repressao;A
1117;"Eu Creio na Humanidade";"SILVA, Pedro Ferreira da";1949;anarquismo;B
1124;"Estamos vencendo! Resistência global no Brasil";"ORTELLADO, Pablo";2004;acao-direta;A
1129;"Estado : a silenciosa multiplicação do poder";"BERNARDO, João";1998;socialismo;B
1132;"Estação Bendengó : Uma trilha de Luta dos Ferroviários Macaenses";"FONSECA, Eilton";;sindicalismo,greve;A
1133;"Estado e Sindialismo";"TROYANO, Annez Andraus";1978;sindicalismo;A
1140;"España 1900 : Modernismo, anarquismo y fin de siglo";"LITVAK, Lily";1990;historia-anarquismo;A
1153;"Escritos de Barret : El terror Argentino - Lo que son los yerbales y otros";"BARRET, Rafael";1971;anarquismo;B
1156;"Esbozo De Una Moral Sin Obligación Ni Sanción";"GUYAU, Jean Marie";1978;anarquismo;B
1160;"Errico Malatesta : Ecrits Choisis II";"ANNECY, Groupe 1er Mai-";1981;anarquismo;A
1161;"Errico Malatesta y la violencia revolucionaria";"BONANNO, Alfredo M.";2010;anarquismo;A
1165;"Erich Mühsam : C'era una volta un rivoluzionario";"SCHÄFER, Leonard";2010;anarquismo,biografia;A
1166;"Eric Mühsam : Anarchismo e Comunismo";"SCHÄFER, Leonard";2010;anarquismo,biografia;A
1168;"Epistolário y textos de Ricardo Flores Magón";"RAMÍREZ, Manuel Gonzalez";1964;mexico,anarquismo;A
1172;"Episódios da minha vida familiar e de militante confederal";"FRANCISCO, José";1982;anarcossindicalismo,biografia;A
1174;"Entre o Chão e as Estrêlas";"BATINI, Tito";1943;ficcao;A
1175;"Entre el rubor de las auroras : Juan Perdigón: un majorero anarquista en Brasil";"MACÍA, Jesús Giráldez";2007;historia-anarquismo,biografia;A
1177;"La Citta´e la scuola";"BORGHI, Lamberto";2008;educacao-libertaria;B
1179;"La Cecilia : Histoire d´une communauté anarchiste et de son fondateur Giovanni Rossi";"FELICI, Isabelle";2001;historia-anarquismo;A
1181;"La Canaille! Histoire Sociale de la Chanson Française";"PORTIS, Larry";2004;arte-e-militancia;A
1185;"La Buona Educazione : Esperienze Libertaria e Teorie Anarchiche in Europa da Godwin a Neil";"CODELLO, Francesco";2005;educacao-libertaria;A
1186;"La Belle Époque de la Banda de Bonnot";"THOMAS, Bernard";2000;historia-anarquismo,acao-direta;A
1187;"La Balada de Robin Hood";"Diéguez, Miguel Angel ; Ilustraciones), Juan José Vázquez";2009;ficcao;B
1189;"La Armonía o La Escuela en el Campo (Alginet, 1923)";"RUIZ, Higinio Noja";1996;educacao-libertaria;A
1190;"La Burguesia y el Proletariado : Apuntes sobre la Lucha Sindical";"PRAT, José";;sindicalismo;A
1192;"La Bande à Bonnot : Mémoires Imaginaires De Garnier";"LADARRE, Benoît";2008;historia-anarquismo,ficcao;A
1193;"la bande à bonnot : le crime ne paie pas";"TALBOT, Jacques";1958;historia-anarquismo;A
1202;"La Alternativa Libertaria : Catalunya 1976-1979";"ZAMBRANA, Joan";2000;historia-anarquismo;A
1203;"La Alianza Obrera Spartacus : Anarquismo, vanguardia obrera e institucionalizacíon del movimiento sindical en la década de 1930";"BENYO, Javier";2005;anarquismo,sindicalismo;A
1204;"La Acumulación del Capital";"LUXEMBURGO, Rosa";2007;marxismo;B
1210;"L´Utopia dei Crass";"PANDIN, Marco";1993;anarco-punk,contracultura;A
1224;"L'Amour Plural";"RYNER, Han";1928;anarquismo-individualista,revolucao-sexual;B
1227;"L'affaire Sacco Et Vanzetti";"CREAGH, Ronald";2004;historia-anarquismo,repressao;A
1228;"Kropotkine";"PLANCHE, Fernand; DELPHY Jean";1948;anarquismo,biografia;A
1232;"K.Marx F.Engels Historia";"FERNANDES, Florestan";1989;marxismo;A
1233;"Justice Sociale?";"PELLETIER, Dr Madeleine";1913;feminismo;B
1235;"Juan Lazarte - Militante social, Médico, Humanista";"ABAD DE SANTILLÁN, DIego ; SANTILLÁN, Diego Abad de ; CAPPELLETTI, Ángel";1964;historia-anarquismo,biografia;A
1237;"José Oiticica : Da Anarquia à Anarcopoesia";"OMENA, Maria Aparecida Munhoz De";2010;anarquismo,biografia;A
1238;"Juicio Ordinario Seguido Ante Los Tribunales Militares En Plaza De Barcelona Contra Francisco Ferrer Guardia";"Guàrdia, Francesc Ferrer I. ; Serret, Enric Olivé";1977;educacao-libertaria,repressao;A
1243;"Jesus de Nazaré e a Crítica Histórica";"ALGARVE, Oscar";1962;anticlericalismo;B
1246;"Investigacion Acerca de la Justicia Politica y su Influencia en loa Virtud y la Dicha Generales";"GODWIN, Willian";1945;anarquismo;A
1249;"IWW : Le Syndicalisme Révolutionaire aux États-Unis";"PORTIS, Larry";2003;anarcossindicalismo;A
1251;"Introducción A La Educación Radical";"SPRING, Joel";1978;educacao-libertaria;A
1257;"Intervenções na Fundação do Partido Comunista Alemão";"LUXEMBURGO, Rosa";;comunismo,marxismo;A
1258;"Insuscettibile di Ravvedimento : L'Anarchico Alfonso Faila (1906-1986)";"FINZI, Paolo";1993;historia-anarquismo,biografia;A
1259;"Insurgencia Libertaria : las Juventudes Libertarias em la lucha contra el franquismo";"IBÁÑEZ, Salvador Gurucharri y Tomás";2010;revolucao-espanhola,antifascismo;B
1261;"Instrução Integral : Uma Ferramenta dos Trabalhadores";"CASTRO, Rogério de";2010;educacao-libertaria;A
1266;"Il Sol Dell'Avvenire : L'Anarchismo in Italia Dalle Origini Alla Prima Guerra Mondiale";"ANTONIOLI, Maurizio";1999;historia-anarquismo;A
1269;"Il Sindacalismo Italiano : Dalle Origini Al Fascismo";"ANTONIOLI, Maurizio";1997;sindicalismo,fascismo;A
1270;"Il Canto Anarchico in Italia : Nell'ottocento e nel novecento";"CATANUTO, Santo ; SCHIRONE, Franco";2001;historia-anarquismo,arte-e-militancia;A
1272;"Ideologias del Movimento Obrero y Conflicto Social : De la Organización Nacional hasta la Primera Guerra Mundial";"SOLOMONOFF, Jorge N.";1988;movimento-operario;A
1275;"Los hombres y las cárceles";"FERRI, Enrique";;abolicionismo-penal;B
1278;"Los fundadores franceses de la sociología contemporánea : Saint-Simon y Proudhon";"GURVITCH, Georges";1970;mutualismo;B
1280;"Los Cuadernos De La Cárcel De Ricardo Flores Magón";"DAY, Douglas";1996;mexico,biografia;A
1282;"Los caminos de la libertad : El Socialismo, el Anarquismo y el Sindicalismo";"RUSSELL, Bertrand";1961;anarquismo,socialismo,sindicalismo;A
1283;"Los Archivos Del Terrorismo Blanco : El Fichero Lasarte 1910-1930";"FOIX, Pere";1978;repressao,movimento-operario;A
1287;"Los Anarquistas Expropriadores";"Bayer, Osvaldo";2009;historia-anarquismo,acao-direta;A
1295;"Livro dos Sonhos";"BORGES, Jorge Luis";1985;ficcao;B
1297;"Los Agitadores : La Anarquia / Apreciaciones Eticas";"ZOCCOLI, Hector";1904;anarquismo;A
1298;"Lógica de la liberetad : por un marxismo libertário";"CALVO, Enrique Gil";1977;marxismo,anarquismo;A
1299;"Livros Proibidos, Ideias Malditas : O Deops e as minorias silenciadas";"CARNEIRO, Maria Luiza Tucci";2002;repressao;A
1300;"Livros Proibidos, Ideias Malditas : O DEOPS e as Minorias Silenciadas";"CARNEIRO, Maria Luiza Tucci";1997;repressao;A
1301;"Livro de uma Sogra";"AZEVEDO, Aluísio";;ficcao;A
1303;"Lima Barreto : Uma Vida Atormentada";"GICOVATE, Moisés";;biografia;A
1311;"Libertarian Communism";"PUENTE, Isaac";2001;anarcocomunismo;A
1316;"Ley de Videovigilancia";"LIBERTARIAS, Federacion Iberica de Juventudes";;repressao;B
1318;"Les Vies D'Alexandre Jacob (1879-1954) : Mousse, Voleur, Anarchiste, Bagnard";"THOMAS, Bernard";1998;historia-anarquismo,biografia;A
1323;"Les Corbeaux Contre la Calotte : La Lutte Anticléricale Par L'image à la ""Belle Epoque""";"DOIZY, Guillaume";2007;anticlericalismo;A
1325;"Léo Ferré : Poétique du libertaire";"PERRAUDEAU, Michel";2008;arte-e-militancia,biografia;A
1330;"Les 12 Preuves De L'inexistence De Dieu : Suivi de Paroles d'une Croyante et Réponse à une Croyante";"FAURE, Sébastien";2008;anticlericalismo;A
1332;"Leggere Malatesta";"TURCATO, Davide";2010;anarquismo;A
1333;"La Semana Trágica : Estudio sobre las causas socioeconómicas del anticlericalismo en España (1898-1912)";"ULLMAN, Joan Connelly";1972;anticlericalismo;A
1337;"Le Leonard de Freud : Il Leonardo di Freud";"BERNERI, Camillo";1981;anarquismo;B
1339;"Le Véritable Francisco Ferrer : D'Après des Documents Inédits par sa Fille";"FERRER, Sol";1948;educacao-libertaria,biografia;A
1340;"Le Rationalisme Combattant";"SAFÓN, Ramón";2002;anticlericalismo;B
1342;"Le Mouvement des Ècoles Nouvelles Anglaises : Abbotsholme, Summerhill, Darlington Hall, Gordonstoun";"SKIDELSKY, Robert";1972;educacao-libertaria;A
1343;"Le Garrot Pour Deux Innocents : L'Affaire Delgado-Granado";"FONSECA, Carlos";2003;revolucao-espanhola,repressao;A
1344;"Las Testas Coronadas Caen : Sobre Anarquismo, Represión, Terrorismo y Magnicidios";"BLOND, Georges";1975;historia-anarquismo,repressao;A
1346;"Las Juventudes Libertarias Y El Teatro Revolucionário : Cataluña 1936-1939";"BOREU, Francesc Foguet I.";2012;revolucao-espanhola,arte-e-militancia;A
1347;"Le Difese : Pronunciate Innanzi ai Tribunali e Alle Corti di Assise";"GORI, Pietro";1911;anarquismo,abolicionismo-penal;B
1348;"Le Culte de la Charogne : Anarchisme, un État de Révolution permanente (1897-1908)";"Libertad, Albert";2006;anarquismo-individualista;A
1350;"Las Universidades Populares";"PALACIOS, Leopoldo";;educacao-libertaria;B
1351;"Las Universidades Populares";"PALACIOS, Leopoldo";;educacao-libertaria;B
1353;"Las ideas libertarias y la cuestión social en el tango";"CAMPO, Javier";;arte-e-militancia,anarquismo;A
1354;"Las Crisis Políticas Latinoaméricanas y el Militarismo";"RODRÍGUEZ, Isaac Sandoval";1979;ditadura;B
1355;"Las Coletividades Campesinas, 1936-1939";"MUSTÉ, Ignacio Vidal y Pedro Costa";1977;revolucao-espanhola,questao-agraria,autogestao;A
1356;"Las Cartas de Bartolomeo Vanzetti : No Lloren mi Muerte";"VANZETTI, Bartolomeo";1972;historia-anarquismo,biografia;A
1359;"Las ideas libertarias y la cuestión social en el tango";"CAMPO, Javier";;arte-e-militancia,anarquismo;A
1364;"La Virgen Roja : Louise Michel";"PLANCHE, Fernando";;mulheres-anarquistas,comuna-de-paris,biografia;A
1368;"La Vuelta a la Naturaleza : El Pensamiento Naturista Hispano (1890-2000): El Pensamiento naturista hispano (1890-2000): naturismo libertario, / trofología, vegetarismo naturista, vegetarismo social y librecultura";"ROSELLÓ, Josep Maria";2003;anarquismo,ecologia;A
1369;"Identidade e Trabalho : Uma história do Operariado Porto-Alegrense 1898-1920";"BILHÃO, Isabel";2008;movimento-operario;A
1370;"Íbis";"VILA, Vargas";1946;ficcao;B
1375;"Ideario";"MELLA, Ricardo";1975;anarquismo;A
1378;"Horror y Heroísmo en las cárceles de Uruguay";"BENTABERRY, Eugenio";1980;repressao,ditadura;A
1379;"História Sexual da Humanidade";"RELGIS, Eugen";1954;revolucao-sexual;B
1380;"Horas de Lucha";"GONZÁLEZ PRADA, Manuel";1969;anarquismo;B
1383;"Historias Robadas : Beto y Débora, dos anarquista uruguayos";"FONTANA, Hugo";;historia-anarquismo,biografia;A
1387;"História do Movimento Macknovista : A Insurreição dos Camponeses da Ucrânia";"Archinov";1976;makhnovtchina;A
1389;"Historia del Primero de Mayo";"DOMMANGET, Maurice";1976;primeiro-de-maio;A
1393;"História do Rei Gonzalve e das Doze Princesas";"Louÿs";2009;ficcao;A
1401;"História de um atentado : O atentado Salazar";"SANTANA, Emídio";1976;historia-anarquismo,acao-direta;A
1404;"Historia de las agitaciones campesinas andaluzas";"MORAL, Juan Diaz del";1967;questao-agraria,historia-anarquismo;A
1406;"Historia de la FAI : Aproximación a la historia de la Organización especifica del anarquismo y sus antecedentes de la Alianza de la Democracia / Socialista";"CASAS, Juan Gómez";2002;historia-anarquismo;A
1408;"Historia de Bandidos : Del ""Cambio de Messina"" a la Carboneria ""El Buen Trato"" - Cronica del Asalto y la Fuga";"FERNANDEZ, Gonzalo D.";1994;historia-anarquismo,acao-direta;B
1409;"História das Lutas Sociais no Brasil";"DIAS, Everardo";1977;movimento-operario;A
1417;"Heréticos da Política";"NOMAD, Max";1965;anarquismo;B
1419;"Gustav Landauer : El Filosofo de la Revolucion";"SOUCHY, Agustín";1934;anarquismo,biografia;A
1420;"Henri Roorda Et L'humour Zèbre : pédagogue libertaire, chroniqueur facétieux";"Roorda, Association Des Amis De Henri ; Corajoud, Carine ; Lausanne, Musée Historique De";2009;educacao-libertaria,biografia;A
1423;"Haymarket Scrapbook";"Roediger, David R. ; Rosemont, Franklin";1986;movimento-operario,historia-anarquismo;A
1424;"Hacia Una Federación De Autonomías Ibéricas";"ALÁIZ, Felipe";1993;anarquismo;B
1427;"Guia didáctica Los Institutos para Obreros 1936-1939";"MOSCARDÓ, Cristina Escrivá";2009;educacao-libertaria,revolucao-espanhola;A
1428;"Guerra en la Paz : Fotomontajes sobre el período 1930-1938";"HEARTFIELD, John";1976;antifascismo,arte-e-militancia;A
1429;"Guerrilha Psiquica";"BLISSETT, Luther";2001;contracultura;B
1430;"Guerra, Exilio y Cárcel : de un anarcosindicalista";"MERA, Cipriano";2011;anarcossindicalismo,revolucao-espanhola,biografia;A
1434;"Gli Anarchici nella rivoluzione messicana : Praxedis G. Guerrero";"FERRUA, Piero";1976;mexico,historia-anarquismo;A
1436;"Gli abiti nuovi del presidente Mao : Cronaca della ""Rivoluzione Culturale""";"LEYS, Simon";1977;comunismo;B
1438;"Gli Arditi Del Popolo : La Prima lotta armata contro il fascismo 1921-1922";"STAID, Andrea";2010;antifascismo;A
1439;"Garrote Vil para Dos Inocentes : El Caso Delgado-GRanado";"FONSECA, Carlos";1998;revolucao-espanhola,repressao;A
1440;"Garcia Barón : Un Anarquista de Monzón En La Selva Boliviana";"BARÓN, Antonio Garcia";2005;historia-anarquismo,biografia;A
1441;"Ganhando meu Pão";"GORKI, Máximo";;ficcao;A
1442;"Gamiani Ou Duas Noites De Orgia";"MUSSET, Alfred de";1998;ficcao;A
1443;"Gaetano Bresci : Un Tessitore Anarchico";"SANTIN, Fabio";2006;historia-anarquismo,biografia;A
1444;"French Frenzies : A Social History of Popular Music in France";"PORTIS, Larry";2004;arte-e-militancia;B
1447;"Gamiani : As duas noites de orgia";"MUSSET, Alfred de";1994;ficcao;A
1448;"Free Pages and Other Essays : Anarchist Musings";"PRADA, Manuel González";2003;anarquismo;A
1450;"Franco me hizo terrorista : Memorias del anarquista que intentó matar al dictador";"CHRISTIE, Stuart";2005;historia-anarquismo,antifascismo,biografia;A
1452;"Fragili Carte : Il Movimento Anarchico nelle Biblioteche, Archivi e Centri di Documentazione";"BALSAMINI, Luigi";2009;historia-anarquismo;A
1457;"Fragments : A Memoir: Personal Recollections Drawn from a Lifetime os Struggle in the Cause of Anarchism";"DOLGOFF, Sam";1986;historia-anarquismo,biografia;A
1461;"Forjando un Mundo Libre";"MELLA, Ricardo";1978;anarquismo;A
1462;"O Que é Maximismo ou Bolchevismo : Programa Comunista";"LEUENROTH, Edgard";;revolucao-russa;A
1463;"O que é Maximismo ou Bolchevismo";"LEUENROTH, Edgard";1919;revolucao-russa;A
1465;"O Processo";"KAFKA, Franz";2000;ficcao;A
1466;"O princípio educativo em Gramsci : Americanismo e Conformismo";"MANACORDA, Mario Alighiero";2008;marxismo,educacao-libertaria;B
1469;"O Poeta Fingidor";"PESSOA, Fernando";2009;ficcao;B
1472;"O Passadiço : No tempo do Protocolo";"SCHMIDT, Afonso";1967;ficcao;A
1474;"O Noventa e Três";"HUGO, Victor";1929;ficcao;A
1476;"O niilismo social : Anarquistas e terroristas do século XIX";"MONTEIRO, Fabrício Pinto";2010;historia-anarquismo;A
1478;"O Muro";"SARTRE, Jean-Paul";1982;ficcao;A
1479;"O mundo não é uma mercadoria : Camponeses contra comida ruim";"Bové, José ; Dufour, François";2001;questao-agraria;A
1481;"O Operariado e a República Democrática (1910-1914)";"OLIVEIRA, César de";1974;movimento-operario;A
1483;"O Novo Israel";"SOUCHY, Agustín";1962;anarquismo;B
1485;"O Mundo de Sofia : Romance da história da filosofia";"GAARDER, Jostein";1997;ficcao;A
1487;"O Mito do Partido";"Students, Federation of Libertarian ; Fernandez, Grupo Orobon";1979;anarquismo;A
1488;"O Mundo da Violência : A polícia da Era Vargas";"Cancelli, Elizabeth ; Ribeiro, Maria Eurydice De Barros";1993;repressao;A
1492;"O Menino Do Bordel";"LEBRUN, Pigault";1999;ficcao;A
1493;"O Menino do Bodel";"Pigault-Lebrun";1999;ficcao;A
1497;"O Lápis do Carpenteiro";"RIVAS, Manuel";2002;ficcao,revolucao-espanhola;B
1500;"O Leitor";"SCHLINK, Bernhard";2010;ficcao;A
1502;"O ìndio Brasileiro, esse desconhecido";"Santos, Yolanda Lhullier dos ; Barracco, Helda Bullota ; Myazaki, Nobue";1979;povos-indigenas;A
1505;"O Individuo e a Sociedade";"GRAVE, J.";1914;anarquismo;A
1507;"O incêndio do Reichstag";"WILLARD, Marcel";1968;fascismo;A
1508;"O Hospício Dentro De casa : Crônicas Psicóticas";"CHUTORIANSCY, Daniel";1991;ficcao;B
1513;"O Homem Nu";"SABINO, Fernando";1977;ficcao;A
1521;"O Essencial Proudhon";"TRINDADE, Francisco";2001;anarquismo,mutualismo;A
1522;"O Espírito da Revolta : A Greve Geral Anarquista de 1917";"LOPREATO, Christina Roquette";2000;greve,historia-anarquismo;A
1526;"O Eterno Marido";"DOSTOIEVSKI, Fiódor M.";1976;ficcao;A
1528;"O Essencial De Proudhon";"TRINDADE, Francisco";2001;anarquismo,mutualismo;A
1530;"O Enigma de João Ramalho";"SCHMIDT, Afonso";1963;ficcao;A
1536;"O Coração é um Labirinto : Conflito Amoroso Em Tres Atos";"CATALLO, Pedro";1955;ficcao;B
1539;"O Chamado da Floresta";"LONDON, Jack";1996;ficcao;A
1542;"O Capital : Uma Leitura Popular";"CAFIERO, Carlo";1990;marxismo,anarquismo;A
1543;"O Canudo : Raul Pompéia em São Paulo";"SCHMIDT, Afonso";1963;ficcao;B
1552;"O C.G.T. e as lutas sindicais brasileiras (1960-64)";"COSTA, Sérgio Amad";1981;sindicalismo;A
1556;"O Assalto";"SCHMIDT, Afonso";1948;ficcao;A
1558;"Mirita e o Ladrão";"SCHMIDT, Afonso";1960;ficcao;A
1559;"Mio caro Lucien : Lettere al figlio su arte e anarchia";"PISSARRO, Camille";1998;anarquismo,arte-e-militancia;A
1563;"Miguel Garcia's Story";"Meltzer";1982;revolucao-espanhola,biografia;A
1565;"Michel Bakounine";"ARVON, Henri";1966;anarquismo,biografia;A
1568;"Michael Bakunin";"CARR, E. H.";1961;anarquismo,biografia;A
1571;"Memórias Póstumas de Brás Cubas";"ASSIS, Machado de";1997;ficcao;A
1573;"Mi infancia y juventud";"CAJAL, Santiago Ramon y";1952;biografia;A
1575;"Memorie di Donne Terroriste";"Zasulic, Vera ; Kovalskaja, Elizaveta ; Ljubatovic, Olga";1979;mulheres-anarquistas,biografia;B
1577;"Memorias de un Luchadors Social (1926-1940)";"DÍAZ, Laureano Riera";1981;biografia,movimento-operario;A
1583;"Memória & Omissão : Anarquismo & Octávio Brandão";"PLANCHEREL, Alice Anabuki";1997;historia-anarquismo,comunismo;A
1587;"Medos, Mitos e Castigos : Notas sobre a Pena de Morte";"FILHO, Alípio de Sousa";1995;abolicionismo-penal;A
1589;"Mauthausen : Campo de Concentração e de Extermínio";"MORENO, Giménez";1955;antifascismo;B
1596;"Matar não é crime";"SEXBY, Edward";1985;acao-direta;B
1609;"Maria Zélia : Mártires dos monstruoso Presídio: Augusto Pinto, João Varlota, Naurício Maciel Mendes e José Constâncio Costa";"VIEIRA, Antônio";1957;repressao;A
1610;"Maria Lacerda de Moura : Uma Feminista Utópica";"LEITE, Miriam Lifchitz Moreira";2005;mulheres-anarquistas,feminismo,biografia;A
1620;"Manual de Sebrevivência : Como se defender da violência policial";"Khapaz";;repressao;A
1622;"Manifesto Contra o Trabalho";"KRISIS, Grupo";2002;anarquismo;B
1623;"Manifesto Canibal : Uma declaração de guerra dos que nada tem e tudo fazem contra os que tudo tem e nada fazem";"Baiestorf, Petter ; Souza, Cesar";2004;anarquismo;B
1630;"Malatesta - Textos Escolhidos";"Grupo Anarquista 1º de Maio";1984;anarquismo;A
1631;"Malatesta";"FABBRI, Luigi";1945;anarquismo,biografia;A
1633;"Maio de 68 : Os Anarquistas e a Revolta da Juventude";"JOYEUX, Maurice ; LENOIR, Hugues";2008;movimento-estudantil,anarquismo;A
1636;"Louise Michel";"AUZIAS, Claire";2009;mulheres-anarquistas,biografia;A
1637;"Magonismo y movimiento indígena en México";"Beas, Juan Carlos ; Ballesteros, Manuel ; Maldonado, Benjamín";1997;mexico,povos-indigenas;A
1640;"Luis Danussi : En el Movimiento Social y Obrero Argentino (1938-1978)";"CIMAZO, Jacinto";1981;historia-anarquismo,biografia;A
1644;"Los Revoltosos : Rebeldes mexicanos en los Estados Unidos (1903-1923)";"Churchill, Ward ; Ryan, Mike";1988;mexico,historia-anarquismo;A
1645;"Los que van a Morir te Saludan : Historia de una Masacre: Escuela Santa Maria de Iquique, 1907";"DEVÉS, Eduardo";1997;movimento-operario,repressao,greve;A
1647;"Los Presos de Bragado";"JORDÁN, Carlos M.";1988;repressao;A
1648;"Los Institutos para Obreros : Un Hermoso Sueño Republicano";"MOSCARDÓ, Cristina Escrivá";2008;educacao-libertaria;A
1649;"Los Indeseables : Las Leyes de Residencia y Defensa Social";"COSTANZO, Grabiela";2009;repressao;A
1653;"Páginas do historial cegetista";"FRANCISCO, José";1983;anarcossindicalismo;A
1657;"Ouve meu Grito : Antologia de Poesia Operária (1894-1923)";"Kocher, Bernardo ; Lobo, Eulalia Lahmeyer";;ficcao,movimento-operario;A
1659;"Osvaldo Bayer íntimo : Conversaciones con el eterno libertario - entrevistas";"FERRER, Julio";2007;biografia;A
1667;"Os Pais como educadores";"REICH, Wilhelm";;educacao-libertaria;B
1670;"Os Primeiro de Maio : Política, Ideologia, Incosciente";"FREITAS, Jeanne Marie Machado de";1988;primeiro-de-maio;A
1671;"Os mercadores de ilusões : Análise crítica do ""sindicalismo de resultado""";"DUARTE, Ozeas";1988;sindicalismo;A
1672;"Os Lusíadas";"CAMÕES, Luis de";1925;ficcao;B
1673;"Os Impunes";"SCHMIDT, Afonso";1923;ficcao;B
1674;"Os imigrantes";"FAST, Howard";1977;ficcao;A
1678;"Os Indesejáveis : Desclassificados da Modernidade: Protesto, Crime e Expulsão na Capital Federal (1890 – 1930)";"MENEZES, Lená Medeiros de";1996;repressao;A
1679;"Os Impunes e outros contos";"SCHMIDT, Afonso";;ficcao;A
1682;"Os demônios";"DOSTOIÉVSKI, F. M.";1960;ficcao;A
1684;"Os Desastres da Guerra";"Goya";2003;arte-e-militancia,antimilitarismo;B
1688;"Os companheiros de São Paulo";"BEIGUELMAN, Paula";1977;movimento-operario;B
1695;"Os Boêmios";"SCHMIDT, Afonso";1952;ficcao;A
1696;"Os Arquitetos da ordem anárquica : De Rousseau a Proudhon e Bakunin";"PIOZZI, Patrizia";2003;anarquismo;A
1701;"Os ""Quebra-santos"" : Anticlericalismo e repressão pelo DEOPS/SP";"CASTRO, Eduardo Góes de";2007;anticlericalismo,repressao;A
1703;"Órfãos da Utopia : A Melancolia da Esquerda";"STEIN, Ernildo";1993;socialismo;B
1705;"Organização, Trabalho e Tecnologia";"Bruno, Lúcia ; Saccardo, Cleusa";1986;movimento-operario;B
1707;"Organismi Genovamente Modificati : Piccolo Dizionario degli Orrori";"";2001;ecologia;B
1710;"Octávio Brandão : Centenário de um militante na Memória do Rio de Janeiro";"BARROS, Luitgarde Oliveira Cavalcanti";1996;comunismo,biografia;A
1711;"O Zero e o Infinito";"KOESTLER, Arthur";1964;ficcao,comunismo;A
1713;"O Último dos Hippies : Um Romance Histérico";"RIMBAUD, Penny";;ficcao,anarco-punk;A
1719;"O Último dia de um condenado à morte";"HUGO, Victor";1995;ficcao,abolicionismo-penal;A
1722;"O Tesouro de Cananéia";"SCHMIDT, Afonso";1964;ficcao;A
1732;"O Romance de Paulo Eiró";"SCHMIDT, Afonso";1959;ficcao;A
1733;"O Retrato de Valentina";"SCHMIDT, Afonso";1961;ficcao;A
1734;"O Retrato de Valentina";"SCHMIDT, Afonso";1948;ficcao;A
1739;"O Rebelde Esquecido : Tempo, vida e obra de Manoel Bomfim";"AGUIAR, Ronaldo Conde";2000;biografia;A
1741;"O Quinto Evangélio";"RYNER, Han";1961;anarquismo-individualista;B
1744;"O Que é Autonomia Operaria";"BRUNO, Lucia";1990;autogestao,movimento-operario;A
1745;"O Racionalismo Combatente : Francisco Ferrer y Guardia";"SAFÓN, Ramón";2003;educacao-libertaria,biografia;A
1747;"O Anticristo : Uma crítica do cristianismo";"NIETZSCHE, Friedrich";;anticlericalismo;A
1748;"O ano vermelho : A revolução Russa e seus reflexos no Brasil";"BANDEIRA, Moniz";1980;revolucao-russa,movimento-operario;A
1754;"O Ano Vermelho : A Revolução Russa e seus Reflexos no Brasil";"Bandeira, Moniz ; Andrade, A. T. ; Melo, Clovis";1967;revolucao-russa,movimento-operario;A
1760;"O Absurdo da Política / Textos de Crítica da Democracia";"Paraf-Javal ; Libertad, Albert";1979;anarquismo-individualista;A
1761;"O 1º de Maio em Portugal - 1890-1990 : Crónica de um Século";"FONSECA, Carlos da";1990;primeiro-de-maio;A
1765;"O Alienista";"ASSIS, Machado de";1988;ficcao;A
1766;"O 1º de Maio em Portugal : 1890-1990 crónica de um século";"FONSECA, Carlos da";1990;primeiro-de-maio;A
1768;"Novo Movimento : questões sobre a prática revolucionária";"SIMON, Henri";1975;autogestao;B
1771;"Nunca nos detendrán : Textos y poesias escritos por el prisionero anarquista";"THOMPSON, Harold H.";1996;abolicionismo-penal,anarquismo;A
1777;"Nova Ética Sexual";"ARMAND, Émile";1960;anarquismo-individualista,revolucao-sexual;A
1778;"Notícias de Lugar Nenhum : Ou uma época de tranquilidade";"MORRIS, William";2002;ficcao;A
1782;"Notas para la Historia de la Biblioteca Popular Juventud Moderna";"WOOLLANDS, Hector";1989;historia-anarquismo,educacao-libertaria;B
1783;"Notas para la Historia de la Biblioteca Popular Juventud Moderna";"WOOLLANDS, Hector";1988;historia-anarquismo,educacao-libertaria;B
1784;"Nos Caminhos Da Utopia : O Princípio Dialógico Nas Propostas Libertárias";"BADIN, Luciana";2003;anarquismo;A
1785;"Noites Brancas";"DOSTOIEVSKI, Fédor";1988;ficcao;A
1786;"Noite na Taverna / Macário";"AZEVEDO, Álvares de";1973;ficcao;A
1790;"Noite";"VERISSIMO, Erico";1966;ficcao;A
1791;"Noam Chomsky : A Vida De Um Dissidente";"BARSKY, Robert F.";2004;biografia;A
1793;"Ni Intelectualismo Ni Estupidez : y otros textos";"DISOBEDIENCE, Willful";;anarquismo;B
1795;"Nem pátria, nem patrão";"HARDMAN, Francisco Foot";2002;movimento-operario,historia-anarquismo;A
1796;"Nel Sole di un Paese grande che libero forse non è stato mai : Resoconto dal ""nuovo"" Brasile";"CUBERO, Jaime";1989;anarquismo;B
1799;"Netchaiev : Du Nihilisme au Terrorisme";"CANNAC, René";1961;historia-anarquismo,biografia;A
1807;"Não Vote! Organize-se!";"Anônimo";2006;anarquismo;A
1810;"Mutirão : Formas de Ajuda Mútua no Meio Rural";"CALDEIRA, Clovis";1956;questao-agraria;A
1811;"Musa Libertaria : Arte, Literatura y Vida Cultural del Anarquismo Español 1880-1913";"LITVAK, Lily";2001;historia-anarquismo,arte-e-militancia;A
1815;"Musa Libertaria : Arte, Literatura y Vida Cultural del Anarquismo Español 1880-1913";"LITVAK, Lily";1981;historia-anarquismo,arte-e-militancia;A
1817;"Mundos Do Trabalho : Novos estudos sobre história operária";"HOBSBAWM, Eric J.";0200;movimento-operario;A
1823;"Movimento Fictício e Movimento Real";"BONANNO, Alfredo";2003;insurrecionalismo;A
1824;"Motin : Por la Libertad Absoluta. Por la Anarquia";"CNA";;anarquismo;A
1825;"Mudar O Mundo Sem Tomar O Poder";"Holloway, John ; Sader, Emir";2003;autogestao;B
1829;"Mis Recuerdos : Acontecimentos del gremio ferroviario Tafí Viejo 1917 - \Cruz del Eje 1919 Presos de Bragado - ""La Ilícita"" y otros recuerdos";"ESCRIBANO, Cruz";1982;movimento-operario,biografia,repressao;A
1836;"Mistérios de São Paulo";"SCHMIDT, Afonso";1955;ficcao;A
1839;"Proudhon";"MARC, Alexandre";1945;anarquismo,mutualismo,biografia;A
1840;"Proudhon";"GURVITCH, Georges";1983;anarquismo,mutualismo;A
1842;"Proudhon";"CUVILLIER, Armand";1986;anarquismo,mutualismo;A
1851;"Problemática de la autoridad en Proudhon";"HEINTZ, Peter";1956;anarquismo,mutualismo;A
1855;"Prisões Policia e Castigos";"CARPENTER, Edward";1910;abolicionismo-penal;A
1856;"Problemática de la Autoridad en Proudhon";"HEINTZ, Peter";1963;anarquismo,mutualismo;A
1859;"Primeiro de Maio Dia de Luto e Luta : A Tragédia de Chicago";"MELLA, Ricardo";;primeiro-de-maio,historia-anarquismo;A
1866;"Postmortem : New Evidence in the case of Sacco and Vanzetti";"KAISER, William Young and David E.";1985;historia-anarquismo,repressao;A
1876;"Por Que Não Eleger Governantes";"CESAR, Marcos";;anarquismo;A
1877;"Pólvora y Tinta : Andanzas de bandoleros anarquistas";"Neves, Salvador ; Couture, Alejandro Perez";1993;historia-anarquismo,acao-direta;A
1881;"Por la Libertad de los torturados de Bragado";"BRAGADO, Comité Pro Libertad de los presos de";1935;repressao;A
1884;"Política da libertação urbana";"SCHECTER, Stephen";1978;anarquismo;B
1885;"Poder e Domínio : Uma visão anarquista";"LÓPEZ, Fábio López";2001;anarquismo;A
1893;"Pirapora / O Desconhecido";"SCHMIDT, Afonso";;ficcao;A
1896;"Pietro Gori";"MOLASCHI, Carlo";2009;anarquismo,biografia;A
1897;"Petit Lexique philosophique de L'Anarchisme : De Proudhon à Deleuze";"COLSON, Daniel";2001;anarquismo;A
1900;"Perspectivas sobre a Comuna e a Primeira Internacional em Portugal";"RODRIGUES, Jacinto";1976;comuna-de-paris,movimento-operario;A
1904;"Pensamento Ecológico";"Parijs, Philippe Van ; Roose, Frank De";1997;ecologia;A
1905;"Pela Vida";"DAVID-NÉEL, Alexandra";1997;biografia;B
1907;"Pequenos Bandidos";"ARRUDA, Rinaldo Sérgio Vieira";1983;abolicionismo-penal;B
1918;"Patriotismo e Governo : E outros escritos";"TOLSTÓI, Lev";2011;anarquismo,antimilitarismo;A
1922;"Pão, Terra e Liberdade na Cidade Imperial : A Luta Anti-Fascista em Petrópoles em 1935";"MACHADO, Paulo Henrique";2008;antifascismo;A
1923;"Pampa Libre : Anarquistas en la pampa argentina";"ETCHENIQUE, Jorge";8000;historia-anarquismo,questao-agraria;A
1925;"Páginas Rebeldes";"Filósofo da Selva";;anarquismo;B
1928;"São Paulo de Meus Amôres";"SCHMIDT, Afonso";1954;ficcao;A
1929;"Salazar vai Morrer!";"RODRIGUES, João";1960;ditadura,acao-direta;B
1930;"Sacco e Vanzetti : Un Grave Error Judicial";"MARTINEZ, Jose Augustin";1930;historia-anarquismo,repressao;A
1931;"Sacco e Vanzetti : O Protesto Brasileiro";"MOURA, Clóvis";1979;historia-anarquismo,repressao;A
1932;"Saltimbancos";"SCHMIDT, Afonso";1950;ficcao;A
1934;"Sacco et Vanzetti";"DUCHESNE, Pierre";1971;historia-anarquismo,repressao;A
1935;"Sacco e Vanzetti : una tragedia americana";"ORTNER, Helmut";1996;historia-anarquismo,repressao;A
1936;"Sacco e Vanzetti : Um Erro Irreparável";"PORTER, Katherine Anne";1978;historia-anarquismo,repressao;A
1937;"Sacco e Vanzetti : I Documenti Terribili";"STAMPA, Carla";1974;historia-anarquismo,repressao;A
1938;"Sacco e Vanzetti : Dos Nombres para la Protesta";"QUESADA, Fernando";2007;historia-anarquismo,repressao;A
1941;"Rusia en las Tinieblas : Memorias de una Nihilista";"FIGNER, Vera";;historia-anarquismo,biografia,mulheres-anarquistas;B
1945;"SABATE : Guerrilla Extraordinary";"TELLEZ, Antonio";1998;historia-anarquismo,antifascismo,biografia;A
1946;"Rumble Bee : Romanzo";"PHILOPAT, Duka e Marco PhilopatMarco";2011;ficcao,contracultura;A
1950;"Romper con esta realidad, sus defensores y sus falsos críticos";"CONTI, Ai Ferri";1998;anarquismo;B
1952;"Rivoluzione e controrivoluzione in Catalogna : Anarchici contro stalinisti proletariato contro Burocrazia Autogestione contro Stato";"MAURA, Carlos Semprun";1976;revolucao-espanhola,autogestao;A
1953;"Roma K.O : Romanzo d'amore droga e odio di classe";"PHILOPAT, Duka e Marco";2008;ficcao;A
1962;"Resistenze Innaturali. Attivismo Radicale Nell'italia Degli Anni '80";"SARIO, Beppe De";2009;contracultura;A
1963;"Revolucion y Dictadura em Cuba";"IGLESIAS, Abelardo";1963;anarquismo,ditadura;B
1964;"Revolución de Julio en Barcelona : Su represión, sus víctimas - Proceso de Ferrer";"BRISSA, José";1910;repressao,educacao-libertaria;A
1966;"Resistencia Libertaria";"TRUJILLO, Fernando López";2007;historia-anarquismo;B
1967;"República de Crianças : Sobre Experiências Escolares de Resistência";"SINGER, Helena";1997;educacao-libertaria;A
1971;"Repressão Judicial no Estado Novo : Esquerda e Direita no banco dos réus";"CAMPOS, Reynaldo Pompeu de";1982;repressao,ditadura;A
1972;"Renewing the Earth : The Promise of social ecology - A celebration of the work of Murray Bookchin";"CLARK, John";1990;ecologia-social;A
1973;"Religião do Amor e da Belleza";"LACERDA DE MOURA, Maria";1929;mulheres-anarquistas;B
1980;"Reforma ou Revolução?";"LUXEMBURGO, Rosa";1999;marxismo;A
1983;"Reflexões sobre as causas da liberdade e da opressõa social";"WEIL, Simone";;anarquismo;B
1984;"Reflexões sobre a Violência";"SOREL, Georges";1993;sindicalismo,acao-direta;A
1985;"Reflexões sobre a Religião";"TWAIN, Mark";2003;anticlericalismo;A
1988;"Recordações Do Escrivão Isaías Caminha";"BARRETO, Lima";1996;ficcao;A
1992;"Red Years, Black Years : Anarchist Resistance to Facism in Italy";"ANARCHICA, Rivista";1989;antifascismo,historia-anarquismo;A
1993;"Recuperar ou punir? como o Estado trata o criminoso";"PAIXÃO, Antônio Luiz";1987;abolicionismo-penal;A
2001;"Quincas Borba";"ASSIS, Machado de";1997;ficcao;A
2002;"Ragtime";"DOCTOROW, E. L.";;ficcao;A
2003;"Rafael Barret : Una Leyenda Anarquista";"ETCHEVERRI, Catriel";2007;anarquismo,biografia;A
2005;"Quem são os criminosos?";"THOMPSON, Augusto";1983;abolicionismo-penal;A
2010;"Quem tem medo no Anarquismo?";"RODRIGUES, Edgar";1992;anarquismo;A
2015;"Provas da Inexistência de Deus";"FAURE, Sébastien";1996;anticlericalismo;A
2016;"Proudhon e Marx";"GURVITCH, Georges";1980;anarquismo,marxismo,mutualismo;A
2020;"Provas da Inexistência de Deus";"FAURE, Sébastien";1958;anticlericalismo;A
2021;"Proudhon : Su Vida y su Correspondencia";"SAINTE-BEUVE, C. A.";1945;anarquismo,mutualismo,biografia;A
2022;"Proudhon, Hegel e a Dialética";"MENEZES, Djacir";1966;anarquismo,mutualismo;A
2023;"The Bakuninists at Work : Review of the Uprising in Spain in the Summer of 1873";"ENGEL, Frederich";1971;anarquismo,marxismo;A
2028;"Textos Contra El Ciudadanismo";"D. H, Alain C.";;anarquismo;B
2035;"Tempo das Águas";"SCHMIDT, Afonso";1962;ficcao;A
2039;"Teorias e Planejamento Pedagógico : Ensino não-diretivo - Ensino libertário - Ensino por descoberta - Ensino personalizado";"FARIA, Wilson de";0187;educacao-libertaria;A
2041;"Temas Subversivos";"FAURE, Sébastien";;anarquismo;B
2048;"Summerhill : Una Experiencia Pedagógica Revolucionaria";"POPENOE, Joshua";1973;educacao-libertaria;A
2053;"Storia degli anachici italiani : de Bakunin a Malatesta(1862-1892)";"MASINI, Pier Carlo";1969;historia-anarquismo;A
2058;"Sovversivi Agli Atti : Gli Anarchici Nelle Carte Del Ministero Dell'Interno";"SACCHETTI, Giorgio";2002;historia-anarquismo,repressao;A
2061;"A sociedade contra o Estado";"CLASTRES, Pierre";2008;anarquismo,povos-indigenas;B
2062;"Sociedad y Prostitución";"LACERDA DE MOURA, Maria";1935;feminismo,mulheres-anarquistas;B
2066;"Sociologie de Proudhon";"ANSART, Pierre";1967;anarquismo,mutualismo;A
2087;"Situacionista : Teoria e prática da revolução";"SITUCIONISTA, Internacional";2002;contracultura;B
2097;"Siete Domingos Rojos";"SENDER, Ramon J.";1970;ficcao,movimento-operario;A
2098;"Shelley, Godwin y su círculo";"BRAILSFORD, Henry N.";1942;anarquismo,biografia;A
2102;"Severino Di Giovanni : La Pasión Anarquista";"NOBLE, Cristina";2006;historia-anarquismo,biografia;A
2103;"Sermões da Montanha";"FONSECA, Tomaz da";1948;anticlericalismo;B
2106;"Senderos De Libertad : Los Anarquistas En Los Movimientos Sociales";"MORYÓN, Félix García";2009;anarquismo;A
2107;"Sembrando Flores";"URALES, Federico";1974;anarquismo;B
2109;"Se não puder dançar esta não é a minha revolução : Aspectos da vida de Emma Goldman";"QUEIROZ, Clara";2008;mulheres-anarquistas,biografia;A
2110;"São Paulo : metrópole das utopias: Histórias de repressão e resistência do arquivo Deops";"CARNEIRO, Maria Luiza Tucci";2009;repressao;A
2111;"São Paulo de Meus Amores / Lembrança";"SCHMIDT, Afonso";;ficcao;A
2113;"Sem Tesão Não Há Solução";"FREIRE, Roberto";1987;anarquismo,revolucao-sexual;B
2115;"Seara Vermelha";"AMADO, Jorge";;ficcao;A
2116;"Basaglia e le metamorfosi della psichiatria";"CIPRIANO, Piero";2018;abolicionismo-penal;B
2118;"Storm in my heart : memories from the widow of Johann Most";"MINKIN, Helene";2015;mulheres-anarquistas,biografia;A
2120;"Mundo Real Poético Antología";"LIZANO, Jesús";;ficcao;B
2121;"CGT, approches historiques";"Moissonnier, Maurice ; Pruvost, Georges";1988;sindicalismo;A
2124;"Est-ce cela que vous appelez vivre? / L'en Dehors / Pensées pour la vie quotidienne / La Ruse";"ARMAND, Émile";;anarquismo-individualista;A
2126;"Néo-Malthusianisme, Maternité et Féminisme, Éducation Sexuelle";"DOLÉRIS, J-A";1918;feminismo,revolucao-sexual;A
2132;"Antifa : o manual antifascista";"Mark Bray";2019;antifascismo;A
2133;"Estarão as prisões obsoletas?";"DAVIS, Angela";2018;abolicionismo-penal;A
2134;"Parque industrial : romance proletário";"Galvão, Patrícia ; Lobo, Mara ; Pagu";2200;ficcao,movimento-operario;A
2135;"Por terra e território : caminhos da revolução dos povos no Brasil";"OLIVEIRA, Joelson Ferreira";2021;questao-agraria,povos-indigenas;A
2137;"Pele negra, máscaras brancas";"FANON, Frantz";2008;antirracismo;A
2138;"Livros!";"ALCORN, John";2021;ficcao;B
2139;"Ferramentas para Autonomia";"RESISTÊNCIA, Cultive";2022;anarquismo,autogestao;B
2140;"Contradictionary - a bestiary of words in revolt";"CrimethInc. Writers' Bloc";2013;anarquismo;B
2141;"Preferi roubar a ser roubado : textos sobre o roubo revolucionário";"Duval, Clément ; Jacob, Alexandre Marius ; Roscigna, Miguel Arcángel";2017;anarquismo,acao-direta;A
2143;"Escrito(s) a vermelho";"DE CLEYRE, Voltairine";2019;mulheres-anarquistas;A
2144;"Ideias para bibliotecas livres : um manual prático de autogestão independente";"Carneiro, Daniela ; Rocha, Juliano";2021;autogestao;A
2145;"Zine Bibliotecas do Brasil 1";"Daniele Carneiro ; Juliano Rocha";2017;autogestao;B
2146;"Guia prático para bibliotecas comunitárias";"Daniele Carneiro";2016;autogestao;B
2147;"Ideias para Bibliotecas Livres : Um manual prático de autogestão independente";"CARNEIRO, Daniele";2020;autogestao;A
2148;"Rebeldia é a vida : escritos políticos de Ricardo Flores Magón (Volume I)";"Ricardo Flores Magón";2021;anarquismo,mexico;A
2150;"Cinco contos zapatistas/Cinco cuentos zapatistas";"Subcomandante Insurgente Marcos";2022;ficcao,povos-indigenas,mexico;A
2154;"Estampas de la injusticia - la Guerra Civil del 36 en A Coruña y los documentos originados en la represión";"GARCÍA, Luis Lamela";1998;revolucao-espanhola,repressao;A
2156;"Lotte Civili";"DE AMICIS, Edmondo";1910;ficcao;B
2159;"Tarifa Zero : a Cidade sem Catracas";"Whitaker, Chico ; Gregori, Lucio ; Varoli, José Jairo ; Zilbovicius, Mauro ; Gregori, Márcia Sandoval ; Ameni, Caue Seignemartin ; Albuquerque, Hugo ; Beloni, Manuela ; Kfouri, Juca ; Sobinfluencia ; Correa, Rodrigo ; Luxemburgo, Fundação Rosa";2020;autogestao;B
2160;"O Terrorismo de Estado na Colômbia";"OSPINA, Hernando Calvo";2010;repressao;A
2161;"2013 : memórias e resistências";"JOURDAN, Camila";2018;acao-direta;A
2165;"A afirmação negra e a questão colonial : textos, 1919-1928";"DOMINGUES, Mário";2022;antirracismo;A
2167;"Agrotóxicos e colonialismo químico";"BOMBARDI, Larissa Mies";2023;ecologia,questao-agraria;A
2168;"O espírito da rebelião e outros contos em São Paulo";"PRONZATO, Carlos";2020;ficcao;A
2170;"Uma política da loucura : e outros textos";"TOSQUELLES, François";2024;anarquismo;B
2173;"História da polícia no Brasil : estado de exceção permanente?";"FELITTE, Almir Valente";2023;repressao;A
2174;"Um mundo onde caibam muitos mundos : educação descolonizadora e revolução zapatista";"MOREL, Ana Paula Massadar";2023;educacao-libertaria,povos-indigenas,mexico;A
2175;"O fim do policiamento";"VITALE, Alex S.";2021;abolicionismo-penal,antirracismo;A
2179;"Abraham Guillén : guerrilha e autogestão";"MIRAMAR, José Luis Carretero";2021;anarquismo,autogestao,biografia;A
2185;"Bakunin : the philosophy of freedom";"MORRIS, Brian";1993;anarquismo;A
2191;"Recovering Bookchin : Social Ecology and the Crises of Our Time";"PRICE, Andy";2012;ecologia-social;A
2192;"A desobediência civil";"THOREAU, Henry David";1987;resistencia-ao-governo;A
2193;"Bakunin";"FANTINI, Sérgio";1983;anarquismo,biografia;B
2194;"Sacco e Vanzetti & Che Guevara em Petrópolis e outros escritos";"PIETRE, Valdir";2010;historia-anarquismo;B
2206;"Historia negra de una crisis libertaria";"ALVAREZ, Ramón";1982;historia-anarquismo;B
2208;"La Revolucion a traves de los Siglos";"HAMON, Augustin";1945;anarquismo;B
2217;"Le Mouvement anarchiste en France : Vol. 2 - De 1914 à nos jours";"MAITRON, Jean";1992;historia-anarquismo;A
2218;"Le Mouvement anarchiste en France : Vol. 1 - Des Origines à 1914";"MAITRON, Jean";1992;historia-anarquismo;A
2220;"Reforma ou revolução?";"LUXEMBURGO, Rosa";2015;marxismo;A
2224;"História do proletariado brasileiro 1857 a 1967";"KOVAL, Boris";1982;movimento-operario;A
2226;"Brasil: nunca mais : Um Relato para a História";"ARNS, Dom Paulo Evaristo";1985;ditadura,repressao;A
2232;"Os caminhos de Dom Helder : Perseguições e Censuras";"CIRANO, Marcos";1983;ditadura,repressao;A
2233;"O Racismo na História do Brasil : Mito e Realidade";"CARNEIRO, Maria Luiza Tucci";1999;antirracismo;A
2234;"Helenira Resende : E a Guerrilha do Araguaraia";"RIBEIRO, Bruno";2007;ditadura,biografia;A
2235;"Sentença Padres e posseiros do Araguaia";"CHINEM, Rivaldo";1983;questao-agraria,ditadura;A
2236;"Osvaldão e a Saga do Araguaia";"JOFFILY, Bernardo";2008;ditadura;A
2239;"A nossa luta foi uma luta sagrada O povo do Assentamento Maceió conta a história da sua luta pela terra";"MC CABE Mary Alice (Org,)";;questao-agraria;A
2240;"A Terra e o Homem no Nordeste";"CORREIA DE ANDRADE, Manuel";1963;questao-agraria;B
2244;"O MST e a luta pela terra no Pará";"ROCHA, André";2015;questao-agraria;A
2245;"A Revolução dos Cabanos em Perguntas e Respostas";"PALHETA, Aércio";2009;cabanagem;A
2246;"Cabanagem : A revolução popular da Amazônia";"DI PAOLO, Pasquale";1985;cabanagem;A
2254;"A Primavera de Praga";"GOLDFEDER, Sonia";1981;comunismo;B
2257;"Do colonialismo de Israel à libertação da Palestina";"DE CASTRO, Paulo";1969;antirracismo;B
2265;"Soresa Rojavayê : Revolução: uma Palavra feminina";"Comitê de Solidariedade à Resistência curda de Sâo Paulo";2016;feminismo;A
2270;"A Revolução ignorada : Liberação da mulher, democracia direta e pluralismo radical no Oriente médio";"DIRIK, Dilar";2016;feminismo,autogestao;A
2271;"Verve";"Núcleo de Sociabilidade Libertária - NU-SOL";2012;anarquismo;B
2272;"Da Democracia à Liberdade : Diferença entre Governo e Autodeterminação";"Coletivo de Ex-Trabalhadores ; CrimethInc.";2017;anarquismo;A
2273;"Capitalismo, Anticapitalismo e Organização popular";"Coletivo";2009;anarquismo;B
2275;"Renovação de uma Cidade - Repartição dos Homens";"RECLUS, Élisée";2010;anarquismo;B
2288;"O Inimigo do Rei : Imprimindo Utopias anarquistas";"BAQUEIRO, Carlos";2007;historia-anarquismo;A
2291;"Carlo & Anita Aldegheri : Vidas dedicadas ao anarquismo";"ALDEGHERI, Carlo";2017;historia-anarquismo,biografia;A
2297;"A Plantation progressista : Racismo dentro dos grupos de esquerda radical";"ERVIN, Lorenzo Kom'boa";2023;antirracismo,anarquismo;A
2315;"Políticas do medo";"COLOMBO, Eduardo ; CREAGH, Ronald";2016;anarquismo;B
2325;"Anarquistas, Socialistas e Comunistas";"MALATESTA, Errico";1989;anarquismo,socialismo,comunismo;A
2331;"O Inimigo oculto : Ensaio sobre a luta de classes. Manifesto anti-ecológico";"BERNARDO, João";;marxismo,ecologia;B
2335;"O Anarquismo na Escola, no Teatro, na Poesia";"RODRIGUES, Edgar";1992;educacao-libertaria,arte-e-militancia,historia-anarquismo;A
2336;"Filosofia da Miséria : Tomo 1";"PROUDHON, Pierre-Joseph";2007;anarquismo,mutualismo;A
2337;"Filosofia da Miséria : Tomo 2";"PROUDHON, Pierre-Joseph";2007;anarquismo,mutualismo;A
2340;"Eles nos devem uma vida : Crass: Escritos Diálogos e Gritos";"Imprensa Marginal";2017;anarco-punk,contracultura;A
2342;"Remédio do Mato : Cura e Cultura através da Floresta";"POITENA, Andreza; NIMBOPYRUÁ, Catarina; TAKUÁ, Simone";2023;povos-indigenas;A
2350;"Zumbi dos Palmares : Por uma Educação antirracista";"VADALA, Walter";2020;antirracismo,educacao-libertaria;A
2354;"Amazônia em Kaos : Relatos Punx abaixo da Linha do Equador";"LUIZ, Jaddson; ÍNDIO, Joker; HARDCORE, Jhonny; KNUP, Marina; REMIGIO, Mauricio; VALO, Velho";2020;anarco-punk;A
2358;"Cabanos : Novela histórica";"ARRUDA, Carlos";1997;cabanagem,ficcao;A
2362;"La Revolución del Sur 1912-1914";"GÓMEZ, Francisco Pineda";2005;mexico;A
2363;"México insurgente";"REED, John";2010;mexico;A
2371;"Os Desafios da Esquerda latino-americana";"HARNECKER, Marta";2000;socialismo;B
2372;"Histórias de Anarquistas";"CARSON, Miguel Orduña; HERNÁNDEZ, Alejandro de la Torre";2017;historia-anarquismo;A
2386;"Tout pour tous : L'Expérience zapatiste, une Alternative concrète au Capitalisme";"GOUTTE, Guillaume";;mexico,autogestao,povos-indigenas;A
2388;"Procurando monstro!";"ZENONI, Federico";2016;ficcao;B
2391;"O dia antes da Revolução e outros Contos";"KROEBER LE GUIN, Ursula";2021;ficcao,anarquismo;A
2394;"Échos du Mexique indien et rebelle";"DELL'UMBRIA, Alèssi";2010;mexico,povos-indigenas;A
2395;"L'Autonomie, Axe de la Résistance zapatiste";"BERNAL, Raúl Ornelas";2007;mexico,autogestao,povos-indigenas;A
2396;"Mexique, Calendrier de la résistance suivi de Chiapas la treizième stèle";"MARCOS, Sous commandant insurgé";2007;mexico,povos-indigenas;A
2397;"Le récit du Vieil Antonio ou comment les indiens du Mexique racontent la belle et indispensable diversité du monde";"MARCOS, Sous commandant insurgé";2011;mexico,povos-indigenas;A
2401;"Chiapas : Insurrection zapatiste au Mexique";"JACOB, Mat";2015;mexico,povos-indigenas;A
2403;"Mobilidade antirracista";"SANTINI, Daniel; SANTAREM, Paíque; ALBERGARIA, Rafaela (Org.)";2021;antirracismo;A
2404;"As Raízes do Fenômeno do Chiapas : O ""já basta"" da Resistência zapatista";"ARELLANO Y BUENROSTRO, Alejandro";2002;mexico,povos-indigenas;A
2407;"Os Mandarins";"DE BEAUVOIR, Simone";;ficcao;A
2415;"Filme de Amor e Anarquia : ou seja, “hoje de manhã, às 10 horas, na Via dei Fiori, no conhecido bordel...”";"WERTMÜLLER, Lina";1973;anarquismo;B
2416;"Viva Zapata!";"STEINBECK, John";1953;mexico;B
2417;"A Batalha de Seattle";"TOWNSEND, Stuart";2007;acao-direta;A
2426;"A Hora obscura : Testemunhas da Repressão política";"SERGE, Victor";2011;repressao,revolucao-russa;B
2427;"Militarismo na América latina";"ROSSI, Clóvis";1987;ditadura;A
2436;"Sandinistas : Entrevistas com Líderes sandinistas: Bayardo Arce, Humberto Ortega e Jaime Wheelock";"ÍNVERNIZZI, Gabriele; CEBÉRIO, Jesús; PISANI, Francis";1985;socialismo;B
2438;"Paraísos artificiais : O Ópio e Poema do Haxixe";"BAUDELAIRE, Charles";;ficcao;B
2443;"Brasil e Venezuela. Histórico das relações trabalhistas de 1889 até Lula e Chaves";"MORAES, Wallace.";2011;movimento-operario;A
2462;"A Anatomia do Estado";"ROTHBARD, Murray";2012;anarcocapitalismo;A
2481;"A Propósito de Junho";"PRONZATO, Carlos";2013;acao-direta;B
2490;"Abaixo ao Trabalho";"Paulo Capra (Organizador)";2007;anarquismo;A
2495;"Against the State";"Rockwell";2014;anarcocapitalismo;B
2515;"Arte y Anarquia";"WIND, Edgar";1986;arte-e-militancia,anarquismo;A
2516;"Artes Menores";"MORRIS, William";2003;arte-e-militancia;B
2545;"Da Escravidão à Liberdade - Princípios do Sindicalismo Revolucionário";"Coletivo Libertário de Oposição Sindical";1983;anarcossindicalismo;A
2548;"Desobediência Civil - Teoria e Prática : Com um apêndice para o leitor português";"Christian Bay, Charles C. Walker";1986;resistencia-ao-governo;A
2550;"Dias de Guerra, Noites de Amor: Crimethinc para Iniciantes";"CrimethInc.";2010;anarquismo;B
2557;"El Anarco-Sindicalismo en la Era tecnologica";"Confederación Nacional del Trabajo";1988;anarcossindicalismo;A
2564;"Enragés and Situationists in the Occupation Movement, France, May '68";"VIÉNET, René";1992;movimento-estudantil,contracultura;A
2592;"História do Anarquismo Vol I";"WOODCOCK, George";;historia-anarquismo;A
2602;"La CNT en la Revolucion Española Vol.1";"PEIRATS, José";1978;anarcossindicalismo,revolucao-espanhola;A
2603;"La CNT en la Revolucion Española Vol.2";"PEIRATS, José";1978;anarcossindicalismo,revolucao-espanhola;A
2604;"La CNT en la Revolucion Española Vol.3";"PEIRATS, José";1978;anarcossindicalismo,revolucao-espanhola;A
2621;"Machos, Varones e Maricones: Manual para Conocer tu Sexualidad por tí Mismo";"GALINDO, María";;feminismo,revolucao-sexual;A
2624;"Manifesto Neoísta: Greve da Arte";"HOME, Stewart";2004;arte-e-militancia;A
2625;"Mauri: A Ofensiva não te Esquece";"Mauricio Morales";2014;insurrecionalismo;B
2629;"México Rebelde";"REED, John";;mexico;A
2637;"Notícias de Lugar Nenhum ou uma Época de Tranquilidade";"MORRIS, William";2002;ficcao;A
2648;"O Manifesto contra o Trabalho";"Grupo Krisis";2003;anarquismo;B
2655;"O que é Violência Contra a Mulher";"de Almeida Teles, Maria Amélia ; de Melo, Mônica";2003;feminismo;A
2659;"Ode a Revolução";"PRONZATO, Carlos";2015;ficcao;B
2667;"Os Cúmplices: Volume 1";"FREIRE, Roberto";1995;anarquismo;B
2674;"Para Educar en la Libertad";"MARTÍN LUENGO, Josefa";2016;educacao-libertaria;A
2691;"Revolução; Utopia; Anarquismo";"FERNANDES, Florestan";1981;anarquismo;A
2699;"Sob Três Bandeiras";"ANDERSON, Benedict";2014;historia-anarquismo;A
2702;"Sociedade Contra o Estado";"CLASTRES, Pierre";2013;anarquismo,povos-indigenas;B
2708;"The Story of Crass";"George Berger";2008;anarco-punk,contracultura;A
2720;"Vinte Centavos: A Luta Contra o Aumento";"ORTELLADO, Pablo";2013;acao-direta;A
2722;"1º de Maio Classista e Combativo";"Centro de Cultura Libertária da Amazônia - CCLA";2002;primeiro-de-maio;A
2724;"Puxirum — Informativo do NARC / CAB, nº 01";"Centro de Cultura Libertária da Amazônia";2014;especifismo;A
2733;"O Homem Formiga";"Ryner, Han";2023;ficcao;B
2735;"10 Perguntas sobre o Anarquismo";"DAVRANCHE, Guillaume";2024;anarquismo;A
2736;"MOVIMENTO ANARCO-PUNK EM BELEM/PA";"Serviço Nacional d Informações – SNI";1994;anarco-punk,repressao;A
2737;"Viver a Utopia : Cinco Ilhas de um Arquipélago disperso";"";2021;autogestao;B
2738;"L"" insurrection Qui Vient : zone autonome temporaire";"Hakim Bey 1945-2022 ; Tréguier Christine";2002;anarquismo;B
